OrderNum,WT,LabelledComponent,OrderDescription,WorkOrderStartDatetime,DowntimeStartDatetime,DowntimeEndDatetime,SCADADowntimeTotal,SCADADowntimeCount
461134187,WT02,lift,TWL02A Lift Service Teeside,27/06/2018 13:30,23/06/2018 21:39,25/06/2018 15:05,41.42666667,1
461134190,WT05,lift,TWL05A Lift Service Teeside,29/06/2018 08:15,26/06/2018 07:18,26/06/2018 15:00,7.6925,1
461134193,WT08,lift,TWL08A Lift Service Teeside,02/07/2018 13:45,26/06/2018 07:41,26/06/2018 14:48,7.115,1
461134194,WT09,lift,TWL09A Lift Service Teeside,03/07/2018 11:00,03/07/2018 10:00,03/07/2018 15:21,5.349444444,1
461134198,WT13,lift,TWL13B Lift Service Teeside,30/06/2018 08:15,22/06/2018 15:59,27/06/2018 14:58,51.91166667,2
461134201,WT16,lift,TWL16B Lift Service Teeside,06/07/2018 07:45,06/07/2018 06:57,06/07/2018 13:20,6.379166667,1
461134205,WT02,lift,TWL02A Crane Inspection Teeside,27/06/2018 13:30,23/06/2018 21:39,25/06/2018 15:05,41.42666667,1
461134208,WT05,lift,TWL05A Crane Inspection Teeside,29/06/2018 08:15,26/06/2018 07:18,26/06/2018 15:00,7.6925,1
461134211,WT08,lift,TWL08A Crane Inspection Teeside,03/07/2018 08:00,26/06/2018 07:41,26/06/2018 14:48,7.115,1
461134212,WT09,lift,TWL09A Crane Inspection Teeside,03/07/2018 14:00,03/07/2018 10:00,03/07/2018 15:21,5.349444444,1
461134216,WT13,lift,TWL13B Crane Inspection Teeside,30/06/2018 08:15,22/06/2018 15:59,27/06/2018 14:58,51.91166667,2
461134219,WT16,lift,TWL16B Crane Inspection Teeside,06/07/2018 11:15,06/07/2018 06:57,06/07/2018 13:20,6.379166667,1
461134221,WT18,lift,TWL18B Crane Inspection Teeside,08/05/2018 14:00,04/05/2018 07:36,04/05/2018 15:34,7.975555556,1
461134224,WT21,lift,TWL21C Lift Service Teeside,01/07/2018 11:30,28/06/2018 08:00,28/06/2018 14:37,6.6125,1
461134233,WT21,lift,TWL21C Crane Inspection Teeside,01/07/2018 11:30,28/06/2018 08:00,28/06/2018 14:37,6.6125,1
461152078,WT23,unclassified,TWL23C Teesside PM Plans,07/04/2018 07:45,04/04/2018 08:25,07/04/2018 13:43,13.39972222,2
461152080,WT25,unclassified,TWL25C Teesside PM Plans,16/04/2018 08:30,16/04/2018 07:16,17/04/2018 15:12,31.9275,1
461157632,WT19,unclassified,TWL19C Teesside PM Plans,11/05/2018 08:00,11/05/2018 07:38,11/05/2018 13:04,5.43,1
461157634,WT03,unclassified,TWL03A Teesside PM Plans,07/06/2018 07:45,31/05/2018 07:08,31/05/2018 17:35,10.45472222,1
461157636,WT06,unclassified,TWL06A Teesside PM Plans,19/04/2018 11:00,19/04/2018 10:21,19/04/2018 16:18,5.949166667,1
461157637,WT07,unclassified,TWL07A Teesside PM Plans,16/04/2018 10:30,16/04/2018 10:01,16/04/2018 16:42,6.690277778,1
461157641,WT12,unclassified,TWL12B Teesside PM Plans,02/06/2018 11:00,02/06/2018 10:11,02/06/2018 15:36,5.416111111,1
461157644,WT04,unclassified,TWL04A Teesside PM Plans,13/06/2018 07:45,13/06/2018 06:53,13/06/2018 14:53,8.003333333,1
461157645,WT11,unclassified,TWL11B Teesside PM Plans,01/06/2018 08:15,01/06/2018 07:31,01/06/2018 12:59,5.466111111,1
461157646,WT13,unclassified,TWL13B Teesside PM Plans,07/06/2018 07:45,04/06/2018 06:55,04/06/2018 12:01,5.105,1
461157647,WT14,unclassified,TWL14B Teesside PM Plans,11/06/2018 07:45,11/06/2018 06:45,11/06/2018 15:04,8.314166667,1
461157649,WT16,unclassified,TWL16B Teesside PM Plans,03/05/2018 08:30,03/05/2018 08:05,03/05/2018 15:43,7.628611111,1
472708789,WT23,other_parts,TWL23C TEESSIDE RETRO 481 PCW TOP COVER,22/03/2016 15:45,22/03/2016 08:50,22/03/2016 16:19,7.473333333,1
472708812,WT23,other_parts,TWL23C TEESSIDE RETRO 153 FAN CABLE A6,23/03/2016 13:00,22/03/2016 08:50,23/03/2016 16:26,14.81027778,2
472926586,WT01,electrical,TWL1A VD SENSOR FAULT,12/01/2016 12:00,12/01/2016 08:31,12/01/2016 15:29,6.965,1
472932420,WT01,unclassified,WTG1A RTF - 15006 - G2 SAFETY,05/04/2016 09:00,26/03/2016 11:05,29/03/2016 10:23,71.29972222,1
472932423,WT02,unclassified,WTG2A RTF - 15006 - G2 SAFETY,05/04/2016 09:00,01/04/2016 08:56,04/04/2016 15:26,13.23888889,2
472933144,WT04,unclassified,WTG4A RTF - 15086 - DEF 230VAC VDC,01/04/2016 09:30,01/04/2016 09:27,01/04/2016 14:46,5.327222222,1
472933145,WT05,unclassified,WTG5A RTF - 15086 - DEF 230VAC VDC,28/06/2016 11:00,28/06/2016 07:34,28/06/2016 14:49,7.253888889,1
472933146,WT06,unclassified,WTG6A RTF - 15086 - DEF 230VAC VDC,31/03/2016 10:30,31/03/2016 07:52,31/03/2016 15:02,7.156666667,1
472933147,WT07,unclassified,WTG7A RTF - 15086 - DEF 230VAC VDC,19/04/2016 15:30,15/04/2016 07:54,18/04/2016 16:22,80.46888889,1
472933148,WT08,unclassified,WTG8A RTF - 15086 - DEF 230VAC VDC,02/03/2016 11:00,27/02/2016 09:36,02/03/2016 15:38,102.0333333,1
472933151,WT09,unclassified,WTG9A RTF - 15086 - DEF 230VAC VDC,19/04/2016 09:00,19/04/2016 07:48,19/04/2016 15:15,7.450833333,1
472933152,WT10,unclassified,WTG10B TEESSIDE RETRO 676 DEFECT 230VAC,21/01/2016 10:00,21/01/2016 08:49,21/01/2016 14:33,5.746388889,1
472933153,WT11,unclassified,WTG11B TEESSIDE RETRO 676 DEFECT 230VAC,31/01/2016 09:30,31/01/2016 08:46,31/01/2016 13:54,5.1275,1
472933154,WT12,unclassified,WTG12B TEESSIDE RETRO 676 DEFECT 230VAC,31/01/2016 11:30,31/01/2016 08:55,31/01/2016 14:01,5.102222222,1
472933159,WT13,unclassified,WTG13B TEESSIDE RETRO 676 DEFECT 230VAC,09/02/2016 13:30,09/02/2016 08:27,09/02/2016 14:14,5.785277778,1
472933220,WT14,unclassified,WTG14B TEESSIDE RETRO 676 DEFECT 230VAC,17/02/2016 13:30,17/02/2016 10:38,17/02/2016 17:24,6.759722222,1
472933222,WT15,unclassified,WTG15B TEESSIDE RETRO 676 DEFECT 230VAC,18/01/2016 12:00,17/01/2016 01:59,18/01/2016 15:53,36.53833333,2
472933223,WT16,unclassified,WTG16B RTF - 15086 - DEF 230VAC VDC,05/05/2016 12:00,05/05/2016 08:29,05/05/2016 15:12,6.715277778,1
472933224,WT17,unclassified,WTG17B RTF - 15086 - DEF 230VAC VDC,14/07/2016 08:00,14/07/2016 07:31,14/07/2016 15:18,7.792222222,1
472933226,WT18,unclassified,WTG18B RTF - 15086 - DEF 230VAC VDC,22/06/2016 15:00,22/06/2016 09:04,22/06/2016 14:54,5.832222222,1
472933228,WT20,unclassified,WTG20C TEESSIDE RETRO 676 DEFECT 230VAC,27/01/2016 10:00,26/01/2016 13:14,27/01/2016 08:42,19.46277778,1
472933252,WT22,unclassified,WTG22C RTF - 15086 - DEF 230VAC VDC,22/02/2016 10:30,22/02/2016 09:34,22/02/2016 14:55,5.341111111,1
472933254,WT23,unclassified,WTG23C RTF - 15086 - DEF 230VAC VDC,22/03/2016 15:15,22/03/2016 08:50,22/03/2016 16:19,7.473333333,1
472933259,WT25,unclassified,WTG25C TEESSIDE RETRO 676 DEFECT 230VAC,21/01/2016 12:00,15/01/2016 18:29,21/01/2016 14:12,12.74194444,2
472933281,WT26,unclassified,WTG26C RTF - 15086 - DEF 230VAC VDC,14/03/2016 12:00,13/03/2016 11:40,14/03/2016 16:44,28.94305555,2
472933283,WT27,unclassified,WTG27C TEESSIDE RETRO 676 DEFECT 230VAC,19/02/2016 10:45,19/02/2016 08:28,19/02/2016 13:53,5.4075,1
472933881,WT02,electrical,WTG2A RTF - 15047 - MAIN BREAK TRIP,14/07/2016 14:00,14/07/2016 09:12,14/07/2016 16:18,7.084444444,1
472933885,WT04,electrical,WTG4A RTF - 15047 - MAIN BREAK TRIP,15/07/2016 12:00,15/07/2016 07:02,15/07/2016 14:18,7.264722222,1
472934004,WT05,electrical,WTG5A RTF - 15047 - MAIN BREAK TRIP,28/07/2016 14:00,28/07/2016 07:02,28/07/2016 14:33,7.511944444,1
472934006,WT06,electrical,WTG6A RTF - 15047 - MAIN BREAK TRIP,29/07/2016 08:00,28/07/2016 07:03,28/07/2016 14:37,7.5675,1
472934009,WT07,electrical,WTG7A RTF - 15047 - MAIN BREAK TRIP,28/07/2016 11:00,28/07/2016 07:03,28/07/2016 14:37,7.564722222,1
472934014,WT09,electrical,WTG9A RTF - 15047 - MAIN BREAK TRIP,28/07/2016 08:00,28/07/2016 07:03,28/07/2016 14:52,7.814444444,1
472934047,WT10,electrical,WTG10B RTF - 15047 - MAIN BREAK TRIP,22/07/2016 10:00,22/07/2016 08:42,22/07/2016 15:57,7.242777778,1
472934496,WT11,electrical,WTG11B RTF - 15047 - MAIN BREAK TRIP,22/07/2016 12:30,22/07/2016 08:44,22/07/2016 15:12,6.465555556,1
472934535,WT15,electrical,WTG15B RTF - 15047 - MAIN BREAK TRIP,19/07/2016 10:00,19/07/2016 07:14,19/07/2016 15:12,7.961666667,1
472934539,WT16,electrical,WTG16B RTF - 15047 - MAIN BREAK TRIP,19/07/2016 14:00,19/07/2016 07:17,19/07/2016 14:47,7.500833333,1
472934654,WT19,electrical,WTG19C RTF - 15047 - MAIN BREAK TRIP,27/07/2016 14:30,27/07/2016 07:28,27/07/2016 15:18,7.831111111,1
472934658,WT21,electrical,WTG21C RTF - 15047 - MAIN BREAK TRIP,27/07/2016 11:30,27/07/2016 07:29,27/07/2016 15:21,7.875555556,1
472934662,WT23,electrical,WTG23C RTF - 15047 - MAIN BREAK TRIP,27/07/2016 08:00,27/07/2016 07:29,27/07/2016 15:22,7.886666667,1
472934712,WT27,unclassified,WTG27C TEESSIDE RETRO 153 24V IN A6 CONT,19/02/2016 09:15,19/02/2016 08:28,19/02/2016 13:53,5.4075,1
472934713,WT26,unclassified,WTG26C TEESSIDE RETRO 153 24V IN A6 CONT,15/03/2016 11:30,13/03/2016 11:40,14/03/2016 16:44,28.94305555,2
472934716,WT25,unclassified,WTG25C TEESSIDE RETRO 153 24V IN A6 CONT,21/01/2016 09:30,15/01/2016 18:29,21/01/2016 14:12,12.74194444,2
472934719,WT24,unclassified,WTG24C TEESSIDE RETRO 153 24V IN A6 CONT,31/03/2016 12:00,30/03/2016 08:04,31/03/2016 14:50,15.10194445,2
472934741,WT22,unclassified,WTG22C TEESSIDE RETRO 153 24V IN A6 CONT,22/02/2016 11:45,22/02/2016 09:34,22/02/2016 14:55,5.341111111,1
472934744,WT20,unclassified,WTG20C TEESSIDE RETRO 153 24V IN A6 CONT,08/02/2016 11:00,08/02/2016 08:24,08/02/2016 13:46,5.374444444,1
472934748,WT18,unclassified,WTG18B TEESSIDE RETRO 153 24V IN A6 CONT,23/06/2016 08:00,22/06/2016 09:04,22/06/2016 14:54,5.832222222,1
472934762,WT17,unclassified,WTG17B TEESSIDE RETRO 153 24V IN A6 CONT,14/07/2016 13:00,14/07/2016 07:31,14/07/2016 15:18,7.792222222,1
472934764,WT16,unclassified,WTG16B TEESSIDE RETRO 153 24V IN A6 CONT,16/05/2016 14:00,16/05/2016 09:49,16/05/2016 15:12,5.382777778,1
472934767,WT15,unclassified,WTG15B TEESSIDE RETRO 153 24V IN A6 CONT,18/01/2016 15:00,17/01/2016 01:59,18/01/2016 15:53,36.53833333,2
472934770,WT13,unclassified,WTG13B TEESSIDE RETRO 153 24V IN A6 CONT,09/02/2016 08:30,09/02/2016 08:27,09/02/2016 14:14,5.785277778,1
472934771,WT12,unclassified,WTG12B TEESSIDE RETRO 153 24V IN A6 CONT,31/01/2016 09:30,31/01/2016 08:55,31/01/2016 14:01,5.102222222,1
472934774,WT11,unclassified,WTG11B TEESSIDE RETRO 153 24V IN A6 CONT,31/01/2016 11:00,31/01/2016 08:46,31/01/2016 13:54,5.1275,1
472934775,WT10,unclassified,WTG10B TEESSIDE RETRO 153 24V IN A6 CONT,21/01/2016 13:00,21/01/2016 08:49,21/01/2016 14:33,5.746388889,1
472934776,WT09,unclassified,WTG9A TEESSIDE RETRO 153 24V IN A6 CONT,19/04/2016 10:30,19/04/2016 07:48,19/04/2016 15:15,7.450833333,1
472934779,WT08,unclassified,WTG8A TEESSIDE RETRO 153 24V IN A6 CONT,01/03/2016 13:30,27/02/2016 09:36,02/03/2016 15:38,102.0333333,1
472934790,WT07,unclassified,WTG7A TEESSIDE RETRO 153 24V IN A6 CONT,15/04/2016 12:00,15/04/2016 07:54,18/04/2016 16:22,80.46888889,1
472934792,WT06,unclassified,WTG6A TEESSIDE RETRO 153 24V IN A6 CONT,31/03/2016 13:30,31/03/2016 07:52,31/03/2016 15:02,7.156666667,1
472934798,WT05,unclassified,WTG5A TEESSIDE RETRO 153 24V IN A6 CONT,29/06/2016 16:00,28/06/2016 07:34,29/06/2016 14:45,14.75472222,2
472934799,WT04,unclassified,WTG4A TEESSIDE RETRO 153 24V IN A6 CONT,01/04/2016 12:30,01/04/2016 09:27,01/04/2016 14:46,5.327222222,1
472934833,WT01,unclassified,WTG1A TEESSIDE RETRO 153 24V IN A6 CONT,12/01/2016 13:00,12/01/2016 08:31,12/01/2016 15:29,6.965,1
472935646,WT02,other_parts,02A REPLACE 69V MOTOR HYDROLIC STATION,08/01/2016 13:00,01/01/2016 15:36,09/01/2016 10:29,186.8966667,1
472935658,WT17,unclassified,WTG17B TOP UP ACCUMULATOR,11/01/2016 13:00,11/01/2016 09:46,11/01/2016 14:55,5.155,1
472935714,WT12,unclassified,WTG12 FAULT FIND 1004 ERROR,08/01/2016 10:30,01/01/2016 19:43,08/01/2016 11:14,155.5191667,2
472935836,WT02,other_parts,02A TOP UP COOLENT PRESSURE,06/04/2016 11:00,01/04/2016 08:56,04/04/2016 15:26,13.23888889,2
472935966,WT27,lift,WTG27C TEESSIDE RETRO 481 LIFT PRO STRIP,19/02/2016 10:15,19/02/2016 08:28,19/02/2016 13:53,5.4075,1
472935983,WT26,lift,WTG26C TEESSIDE RETRO 481 LIFT PRO STRIP,15/03/2016 10:00,13/03/2016 11:40,14/03/2016 16:44,28.94305555,2
472935988,WT25,lift,WTG25C TEESSIDE RETRO 481 LIFT PRO STRIP,21/01/2016 12:30,15/01/2016 18:29,21/01/2016 14:12,12.74194444,2
472935995,WT22,lift,WTG22C TEESSIDE RETRO 481 LIFT PRO STRIP,22/02/2016 10:00,22/02/2016 09:34,22/02/2016 14:55,5.341111111,1
472935998,WT01,lift,WTG1A TEESSIDE RETRO 481 LIFT PRO STRIP,12/01/2016 10:00,12/01/2016 08:31,12/01/2016 15:29,6.965,1
472936010,WT02,lift,WTG2A TEESSIDE RETRO 481 LIFT PRO STRIP,05/04/2016 13:00,01/04/2016 08:56,04/04/2016 15:26,13.23888889,2
472936012,WT03,lift,WTG3A TEESSIDE RETRO 481 LIFT PRO STRIP,15/09/2016 15:15,15/09/2016 08:05,15/09/2016 15:37,7.520277778,1
472936013,WT04,lift,WTG4A TEESSIDE RETRO 481 LIFT PRO STRIP,01/04/2016 10:00,01/04/2016 09:27,01/04/2016 14:46,5.327222222,1
472936018,WT05,lift,WTG5A TEESSIDE RETRO 481 LIFT PRO STRIP,28/06/2016 12:00,28/06/2016 07:34,28/06/2016 14:49,7.253888889,1
472936019,WT06,lift,WTG6A TEESSIDE RETRO 481 LIFT PRO STRIP,31/03/2016 08:00,31/03/2016 07:52,31/03/2016 15:02,7.156666667,1
472936031,WT07,lift,WTG7A TEESSIDE RETRO 481 LIFT PRO STRIP,19/04/2016 12:30,15/04/2016 07:54,18/04/2016 16:22,80.46888889,1
472936033,WT08,lift,WTG8A TEESSIDE RETRO 481 LIFT PRO STRIP,02/03/2016 12:00,27/02/2016 09:36,02/03/2016 15:38,102.0333333,1
472936034,WT09,lift,WTG9A TEESSIDE RETRO 481 LIFT PRO STRIP,28/04/2016 15:00,21/04/2016 07:35,28/04/2016 15:54,13.64388889,2
472936039,WT12,lift,WTG12B TEESSIDE RETRO 481 LIFT PRO STRIP,31/01/2016 12:00,31/01/2016 08:55,31/01/2016 14:01,5.102222222,1
472936045,WT14,lift,WTG14B TEESSIDE RETRO 481 LIFT PRO STRIP,17/02/2016 12:30,17/02/2016 10:38,17/02/2016 17:24,6.759722222,1
472936046,WT15,lift,WTG15B TEESSIDE RETRO 481 LIFT PRO STRIP,18/01/2016 11:00,17/01/2016 01:59,18/01/2016 15:53,36.53833333,2
472936048,WT16,lift,WTG16B TEESSIDE RETRO 481 LIFT PRO STRIP,05/05/2016 13:00,05/05/2016 08:29,05/05/2016 15:12,6.715277778,1
472936060,WT17,lift,WTG17B TEESSIDE RETRO 481 LIFT PRO STRIP,22/07/2016 16:00,18/07/2016 07:00,22/07/2016 15:03,12.09222222,2
472936062,WT18,lift,WTG18B TEESSIDE RETRO 481 LIFT PRO STRIP,22/06/2016 13:00,22/06/2016 09:04,22/06/2016 14:54,5.832222222,1
472936063,WT19,lift,WTG19C TEESSIDE RETRO 481 LIFT PRO STRIP,29/04/2016 12:00,28/04/2016 15:59,29/04/2016 14:31,22.54138889,1
472936066,WT20,lift,WTG20C TEESSIDE RETRO 481 LIFT PRO STRIP,27/01/2016 10:30,26/01/2016 13:14,27/01/2016 08:42,19.46277778,1
472936067,WT21,lift,WTG21C TEESSIDE RETRO 481 LIFT PRO STRIP,08/09/2016 13:00,07/09/2016 21:48,08/09/2016 14:58,17.16416667,1
472936093,WT01,lift,WTG1A TEESSIDE RETRO 591 CHAIN HOIST BUC,12/01/2016 14:00,12/01/2016 08:31,12/01/2016 15:29,6.965,1
472936095,WT03,lift,WTG3A TEESSIDE RETRO 591 CHAIN HOIST BUC,15/09/2016 14:30,15/09/2016 08:05,15/09/2016 15:37,7.520277778,1
472936096,WT04,lift,WTG4A TEESSIDE RETRO 591 CHAIN HOIST BUC,01/04/2016 13:30,01/04/2016 09:27,01/04/2016 14:46,5.327222222,1
472936097,WT05,lift,WTG5A TEESSIDE RETRO 591 CHAIN HOIST BUC,29/06/2016 15:00,28/06/2016 07:34,29/06/2016 14:45,14.75472222,2
472936098,WT06,lift,WTG6A TEESSIDE RETRO 591 CHAIN HOIST BUC,31/03/2016 12:30,31/03/2016 07:52,31/03/2016 15:02,7.156666667,1
472936099,WT07,lift,WTG7A TEESSIDE RETRO 591 CHAIN HOIST BUC,19/04/2016 10:00,15/04/2016 07:54,18/04/2016 16:22,80.46888889,1
472936110,WT08,lift,WTG8A TEESSIDE RETRO 591 CHAIN HOIST BUC,01/03/2016 12:30,27/02/2016 09:36,02/03/2016 15:38,102.0333333,1
472936113,WT09,lift,WTG9A TEESSIDE RETRO 591 CHAIN HOIST BUC,19/04/2016 13:30,19/04/2016 07:48,19/04/2016 15:15,7.450833333,1
472936114,WT10,lift,WTG10B TEESSIDE RETRO 591 CHAIN HOIST BU,21/01/2016 12:00,21/01/2016 08:49,21/01/2016 14:33,5.746388889,1
472936115,WT11,lift,WTG11B TEESSIDE RETRO 591 CHAIN HOIST BU,31/01/2016 10:00,31/01/2016 08:46,31/01/2016 13:54,5.1275,1
472936117,WT13,lift,WTG13B TEESSIDE RETRO 591 CHAIN HOIST BU,09/02/2016 12:00,09/02/2016 08:27,09/02/2016 14:14,5.785277778,1
472936118,WT14,lift,WTG14B TEESSIDE RETRO 591 CHAIN HOIST BU,17/02/2016 11:30,17/02/2016 10:38,17/02/2016 17:24,6.759722222,1
472936130,WT15,lift,WTG15B TEESSIDE RETRO 591 CHAIN HOIST BU,18/01/2016 10:00,17/01/2016 01:59,18/01/2016 15:53,36.53833333,2
472936131,WT16,lift,WTG16B TEESSIDE RETRO 591 CHAIN HOIST BU,16/05/2016 12:00,16/05/2016 09:49,16/05/2016 15:12,5.382777778,1
472936132,WT17,lift,WTG17B TEESSIDE RETRO 591 CHAIN HOIST BU,14/07/2016 12:00,14/07/2016 07:31,14/07/2016 15:18,7.792222222,1
472936134,WT18,lift,WTG18B TEESSIDE RETRO 591 CHAIN HOIST BU,23/06/2016 11:00,22/06/2016 09:04,22/06/2016 14:54,5.832222222,1
472936135,WT19,lift,WTG19C TEESSIDE RETRO 591 CHAIN HOIST BU,03/05/2016 13:45,28/04/2016 15:59,03/05/2016 16:02,31.24722222,2
472936136,WT20,lift,WTG20C TEESSIDE RETRO 591 CHAIN HOIST BU,27/01/2016 11:30,26/01/2016 13:14,27/01/2016 08:42,19.46277778,1
472936138,WT02,lift,WTG2A TEESSIDE RETRO 591 CHAIN HOIST BUC,05/04/2016 10:30,01/04/2016 08:56,04/04/2016 15:26,13.23888889,2
472936139,WT22,lift,WTG22C TEESSIDE RETRO 591 CHAIN HOIST BU,22/02/2016 12:30,22/02/2016 09:34,22/02/2016 14:55,5.341111111,1
472936140,WT23,lift,WTG23C TEESSIDE RETRO 591 CHAIN HOIST BU,23/03/2016 11:00,22/03/2016 08:50,23/03/2016 16:26,14.81027778,2
472936143,WT25,lift,WTG25C TEESSIDE RETRO 591 CHAIN HOIST BU,21/01/2016 11:00,15/01/2016 18:29,21/01/2016 14:12,12.74194444,2
472936144,WT26,lift,WTG26C TEESSIDE RETRO 591 CHAIN HOIST BU,15/03/2016 13:00,13/03/2016 11:40,14/03/2016 16:44,28.94305555,2
472936145,WT27,lift,WTG27C TEESSIDE RETRO 591 CHAIN HOIST BU,19/02/2016 08:45,19/02/2016 08:28,19/02/2016 13:53,5.4075,1
472937467,WT26,electrical,WTG 26 FAULT FIND CAN IO 4 COMMS ERROR,09/01/2016 11:30,09/01/2016 04:25,09/01/2016 15:24,10.98472222,1
472937569,WT26,unclassified,WTG 26 REPLACE SLIP RING HYDROLICS,09/01/2016 13:00,09/01/2016 04:25,09/01/2016 15:24,10.98472222,1
472937919,WT17,unclassified,WTG17B CRITICAL ISSUES QUALITY CHECK,11/01/2016 14:30,11/01/2016 09:46,11/01/2016 14:55,5.155,1
472939197,WT01,electrical,WTG1A HV MAINTENANCE 2016,24/03/2016 13:30,23/03/2016 11:53,23/03/2016 18:04,6.179722222,1
472939210,WT02,electrical,WTG2A HV MAINTENANCE 2016,25/03/2016 08:30,23/03/2016 11:54,23/03/2016 18:03,6.154722222,1
472939212,WT03,electrical,WTG3A HV MAINTENANCE 2016,25/03/2016 12:30,23/03/2016 11:54,23/03/2016 18:20,6.431944444,1
472939215,WT04,electrical,WTG4A HV MAINTENANCE 2016,26/03/2016 09:00,23/03/2016 11:55,23/03/2016 18:04,6.151666667,1
472939278,WT07,electrical,WTG7A HV MAINTENANCE 2016,29/03/2016 14:30,23/03/2016 11:56,23/03/2016 18:05,6.149166667,1
472939292,WT08,electrical,WTG8A HV MAINTENANCE 2016,30/03/2016 08:00,23/03/2016 11:03,23/03/2016 18:26,7.3925,1
472939463,WT17,electrical,WTG17B HV MAINTENANCE 2016,24/03/2016 08:00,23/03/2016 11:58,23/03/2016 18:11,6.215555556,1
472939580,WT23,electrical,WTG23C HV MAINTENANCE 2016,06/04/2016 08:00,31/03/2016 16:28,01/04/2016 12:22,19.89861111,1
472939586,WT25,electrical,WTG25C HV MAINTENANCE 2016,29/03/2016 10:30,23/03/2016 11:13,25/03/2016 16:28,13.00833333,2
472939588,WT26,electrical,WTG26C HV MAINTENANCE 2016,22/03/2016 13:30,16/03/2016 09:15,21/03/2016 16:42,27.89916667,4
472939589,WT27,electrical,WTG27C HV MAINTENANCE 2016,23/03/2016 08:15,16/03/2016 10:12,16/03/2016 16:06,5.910277778,1
472939866,WT24,other_parts,WTG24C SNAGGING 2016,05/04/2017 07:15,30/03/2017 07:33,04/04/2017 14:45,44.91611111,3
472939868,WT22,other_parts,WTG22C SNAGGING 2016,08/03/2016 15:30,01/03/2016 10:13,08/03/2016 16:49,22.83555556,3
472939979,WT13,other_parts,WTG13B SNAGGING 2016,29/08/2016 14:00,23/08/2016 07:14,29/08/2016 14:51,27.64416667,4
472940090,WT12,other_parts,WTG12B SNAGGING 2016,31/01/2016 13:00,31/01/2016 08:55,31/01/2016 14:01,5.102222222,1
472940091,WT11,other_parts,WTG11B SNAGGING 2016,31/01/2016 14:00,31/01/2016 08:46,31/01/2016 13:54,5.1275,1
472940092,WT10,other_parts,WTG10B SNAGGING 2016,13/07/2016 13:30,06/07/2016 07:03,13/07/2016 14:34,23.04916667,3
472940093,WT09,other_parts,WTG9A SNAGGING 2016,18/10/2016 16:00,18/10/2016 07:46,18/10/2016 15:04,7.289722222,1
472940097,WT07,other_parts,WTG7A SNAGGING 2016,18/10/2016 16:00,18/10/2016 07:33,18/10/2016 13:36,6.046111111,1
472940150,WT05,other_parts,WTG5A SNAGGING 2016,01/02/2017 15:00,30/01/2017 08:13,01/02/2017 14:23,13.53027778,2
472943830,WT15,blade,WTG 15B LOW OIL PRESSURE TO BLADES,17/01/2016 11:00,17/01/2016 01:59,17/01/2016 13:33,11.565,1
472944062,WT15,electrical,WTG 15A REPLACE INDUCTIVE SENSOR A3,18/01/2016 14:00,17/01/2016 01:59,18/01/2016 15:53,36.53833333,2
472945457,WT15,unclassified,WTG15B GRID FILTER TEMP ERROR,19/01/2016 09:00,17/01/2016 01:59,19/01/2016 10:13,50.71,3
472948050,WT10,unclassified,WTG10B WORK IN A12 (REACTOR ROD),21/01/2016 11:00,21/01/2016 08:49,21/01/2016 14:33,5.746388889,1
472948056,WT10,lift,TWL10B TEESSIDE RETRO 481 LIFT PRO STRIP,21/01/2016 09:00,21/01/2016 08:49,21/01/2016 14:33,5.746388889,1
472948057,WT25,lift,WTG25C EXTENDED PRE USE LIFT INSPECTION,21/01/2016 08:30,15/01/2016 18:29,16/01/2016 01:59,7.500833333,1
472948059,WT25,unclassified,WTG25C CRITICAL ISSUES QUALITY CHECK,21/01/2016 13:30,15/01/2016 18:29,21/01/2016 14:12,12.74194444,2
472952465,WT20,converter,WTG 20C INVESTIGATE CONVERTER TRIP,27/01/2016 08:30,26/01/2016 13:14,27/01/2016 08:42,19.46277778,1
472955499,WT24,generator,WTG24C INVESTIGATE GENERATOR OVERSPEED,30/01/2016 09:00,29/01/2016 07:38,30/01/2016 10:05,26.45277778,1
472955993,WT11,unclassified,WTG 11B CRITICAL QUALITY INSPECTION,31/01/2016 13:00,31/01/2016 08:46,31/01/2016 13:54,5.1275,1
472955997,WT12,unclassified,WTG 12 CRITICAL QUALITY INSPECTION,31/01/2016 13:30,31/01/2016 08:55,31/01/2016 14:01,5.102222222,1
472959035,WT08,electrical,WTG 08A FAULT FIND Q1 TRIP,05/02/2016 08:30,03/02/2016 14:28,05/02/2016 08:51,42.39305556,1
472960181,WT08,unclassified,WTG8A BUS BAR COPPER DISCOLOURATION,05/02/2016 09:30,03/02/2016 14:28,05/02/2016 08:51,42.39305556,1
472961167,WT20,unclassified,WTG20C TOP UP HYDRAULIC FLUID,08/02/2016 12:00,08/02/2016 08:24,08/02/2016 13:46,5.374444444,1
472962566,WT15,unclassified,WTG 15replace buzz bars in a4,09/02/2016 12:00,09/02/2016 08:43,16/02/2016 16:43,175.9922222,1
472962569,WT13,unclassified,WTG 13CRITICAL QUALITY INSPECTION,09/02/2016 14:00,09/02/2016 08:27,09/02/2016 14:14,5.785277778,1
472962638,WT15,yaw,WTG 15B REPLACE YAW MOTOR,09/02/2016 10:30,09/02/2016 08:43,16/02/2016 16:43,175.9922222,1
472971504,WT14,unclassified,WTG 14 WORK ON CONVERTOR COOLING SYSTEM,17/02/2016 14:00,17/02/2016 10:38,17/02/2016 17:24,6.759722222,1
472976610,WT27,yaw,WTG 27C REPLACE YOYOS IN YAW DECK NACELL,19/02/2016 14:00,19/02/2016 08:28,19/02/2016 13:53,5.4075,1
472976611,WT27,electrical,WTG 27C REWIRE DAM XY SENSOR,19/02/2016 12:45,19/02/2016 08:28,19/02/2016 13:53,5.4075,1
472976612,WT27,unclassified,WTG 27C CRITICAL QUALITY INSPECTION,19/02/2016 11:45,19/02/2016 08:28,19/02/2016 13:53,5.4075,1
472978051,WT22,electrical,WTG22C RPM SENSOR FAULT,22/02/2016 13:30,22/02/2016 09:34,22/02/2016 14:55,5.341111111,1
472978054,WT22,yaw,WTG22C REPLACE YOYO'S IN YAW & NACELLE,22/02/2016 11:30,22/02/2016 09:34,22/02/2016 14:55,5.341111111,1
472978328,WT22,electrical,WTG22C REWIRE X/Y SENSORS,22/02/2016 11:00,22/02/2016 09:34,22/02/2016 14:55,5.341111111,1
472984736,WT05,electrical,WTG 05A REWIRE DAM XY SENSOR,26/02/2016 14:00,25/02/2016 04:27,26/02/2016 14:38,34.18111111,1
472985078,WT05,converter,WTG 15B FAULT FIND PR MODUL,26/02/2016 11:30,25/02/2016 04:27,26/02/2016 14:38,34.18111111,1
472986001,WT08,blade,WTG 08A FAULT FIND BLADE C VIBRATION,27/02/2016 12:30,27/02/2016 09:36,02/03/2016 15:38,102.0333333,1
472987076,WT17,blade,WTG17B EDGE FREQUENCY ERROR - BLADE B,29/02/2016 11:30,27/02/2016 11:04,01/03/2016 11:36,72.52944444,1
472987077,WT17,yaw,WTG17B REPLACE YOYO'S IN YAW & NACELLE,29/02/2016 14:00,27/02/2016 11:04,01/03/2016 11:36,72.52944444,1
472987079,WT17,electrical,WTG17B REWIRE X/Y SENSORS,29/02/2016 14:30,27/02/2016 11:04,01/03/2016 11:36,72.52944444,1
472990118,WT08,unclassified,WTG08A REPLACE 24V POWER SUPPLY IN A6,01/03/2016 13:30,27/02/2016 09:36,02/03/2016 15:38,102.0333333,1
472993931,WT14,converter,WTG14B CONVERTER FAN FAULT,08/03/2016 13:00,08/03/2016 08:53,08/03/2016 15:31,6.626388889,1
472995541,WT27,unclassified,WTG27C REPLACE HYDRAULIC FILTER HOUSING,10/03/2016 14:00,03/03/2016 08:45,10/03/2016 14:12,21.35027778,3
472995543,WT27,other_parts,WTG27C WORK IN A3 (REPLACE FAN),11/03/2016 14:00,08/03/2016 08:39,10/03/2016 14:12,13.46638889,2
472997433,WT27,unclassified,WTG27C ACCUMULATOR TOP UP,11/03/2016 13:30,08/03/2016 08:39,10/03/2016 14:12,13.46638889,2
472997757,WT16,blade,WTG 16B FAULT FIND BLADE C FREQ ERROR,11/03/2016 09:00,11/03/2016 00:37,11/03/2016 18:04,17.44444444,1
472998604,WT16,other_parts,WTG FAULT FIND COOLENT MOTOR VALVE,11/03/2016 14:00,11/03/2016 00:37,11/03/2016 18:04,17.44444444,1
472999561,WT08,blade,WTG 08A FAULT FIND BLADE C VIBRATION,14/03/2016 09:00,13/03/2016 14:31,14/03/2016 16:27,25.93361111,1
472999565,WT26,electrical,WTG 26C REWIRE DAM XY SENSOR,14/03/2016 12:30,13/03/2016 11:40,14/03/2016 16:44,28.94305555,2
472999567,WT26,yaw,WTG 26C REPLACE YOYOS IN YAW DECK NACELL,21/03/2016 13:30,14/03/2016 10:49,21/03/2016 16:42,33.81777778,5
473000275,WT26,unclassified,WTG 26C FAULT FIND EMERGENCY STOP,14/03/2016 10:30,13/03/2016 11:40,14/03/2016 10:41,23.02444444,1
473002367,WT26,unclassified,WTG26C REPLACE HYDRAULIC FILTER HOUSING,18/03/2016 15:00,13/03/2016 11:40,18/03/2016 16:33,48.76666666,5
473002368,WT26,other_parts,WTG26c REPLACE LIGHT FITTINGS,21/03/2016 15:15,14/03/2016 10:49,21/03/2016 16:42,33.81777778,5
473003458,WT10,electrical,WTG10B INVESTIGATE Q2 BREAKER TRIP,17/03/2016 16:45,17/03/2016 08:13,17/03/2016 17:00,8.786111111,1
473003605,WT25,electrical,WTG25C REWIRE DAM X/Y SENSORS,18/03/2016 12:00,11/03/2016 08:56,21/03/2016 16:26,85.36277778,2
473004028,WT25,unclassified,WTG25C INVESTIGATE EMERGENCY STOP ERROR,21/03/2016 08:00,18/03/2016 09:18,21/03/2016 16:26,79.13638889,1
473006163,WT23,electrical,WTG 23C REWIRE DAM XY SENSOR,22/03/2016 13:45,22/03/2016 08:50,22/03/2016 16:19,7.473333333,1
473006585,WT25,yaw,WTG 25C REPLACE YOYOS IN YAW DECK NACELL,22/03/2016 14:00,18/03/2016 09:18,21/03/2016 16:26,79.13638889,1
473006880,WT23,yaw,WTG 23C REPLACE YOYOS IN YAW DECK NACELL,23/03/2016 12:00,22/03/2016 08:50,23/03/2016 16:26,14.81027778,2
473006947,WT25,unclassified,WTG 25C TOP UP ACCUMILATERS,23/03/2016 12:00,18/03/2016 09:18,23/03/2016 16:29,84.4025,2
473007280,WT27,yaw,WTG27C INVESTIGATE YAW SYSTEM FAILURE,24/03/2016 08:00,23/03/2016 11:59,24/03/2016 15:32,21.77527778,2
473007873,WT25,other_parts,WTG25C WORK ON TOWER LIGHTING,25/03/2016 15:30,18/03/2016 09:18,25/03/2016 16:28,92.14472222,3
473007883,WT23,gearbox,WTG23C REPLACE LEAKING GEAROIL PUMP,29/03/2016 12:30,22/03/2016 08:50,24/03/2016 16:14,22.43583333,3
473008104,WT01,electrical,WTG1A INVESTIGATE NO COMMS TO TURBINE,26/03/2016 08:30,23/03/2016 11:53,23/03/2016 18:04,6.179722222,1
473009982,WT24,other_parts,WTG 24C TOP UP COOLENT SYSTEM,31/03/2016 14:30,30/03/2016 08:04,31/03/2016 14:50,15.10194445,2
473010057,WT24,other_parts,WG 24C REPLACE LIGHT TUBES IN TOWER,31/03/2016 13:00,30/03/2016 08:04,31/03/2016 14:50,15.10194445,2
473010178,WT19,unclassified,WTG 19C FIT SIESMIC BRACKETS,31/03/2016 08:00,21/03/2016 13:27,10/04/2016 12:52,479.4186111,1
473011275,WT06,electrical,WTG6A REWIRE DAM X/Y SENSORS,31/03/2016 10:00,31/03/2016 07:52,31/03/2016 15:02,7.156666667,1
473011278,WT06,yaw,WTG6A REPLACE YOYO's,31/03/2016 12:00,31/03/2016 07:52,31/03/2016 15:02,7.156666667,1
473012243,WT04,electrical,WTG4A REWIRE DAM X/Y SENSORS,01/04/2016 12:00,01/04/2016 09:27,01/04/2016 14:46,5.327222222,1
473012244,WT04,yaw,WTG4A REPLACE YOYO's,01/04/2016 11:30,01/04/2016 09:27,01/04/2016 14:46,5.327222222,1
473012435,WT11,electrical,WTG11B FAULT FIND Q2 TRIP,01/04/2016 15:00,31/03/2016 16:27,01/04/2016 14:47,22.33611111,1
473012581,WT04,generator,WTG4A REPLACE GENERATOR FLOOR BOLT,01/04/2016 14:30,01/04/2016 09:27,01/04/2016 14:46,5.327222222,1
473014244,WT02,electrical,WTG 02A RE WIRE DAM XY SENSOR,04/04/2016 08:00,01/04/2016 08:56,04/04/2016 15:26,13.23888889,2
473014486,WT19,gearbox,WTG 19C REPLACE SWICH GEAR,05/04/2016 09:00,21/03/2016 13:27,10/04/2016 12:52,479.4186111,1
473014511,WT06,unclassified,WTG 06A REPLACE UPS BATTRYS,04/04/2016 12:00,31/03/2016 07:52,04/04/2016 15:16,14.21611111,2
473015238,WT02,yaw,WTG 02A REPLACE YOYOS,05/04/2016 12:30,01/04/2016 08:56,04/04/2016 15:26,13.23888889,2
473015239,WT02,unclassified,WTG 02A REPLACE BUZZ BARS IN A4,05/04/2016 08:00,01/04/2016 08:56,04/04/2016 15:26,13.23888889,2
473015282,WT02,lift,WTG 02A REPLACE LIFT DOOR,06/04/2016 09:00,01/04/2016 08:56,04/04/2016 15:26,13.23888889,2
473019683,WT23,lift,WTG23C POWER CLIMBER LIFT MAINT 2016,17/05/2016 12:30,16/05/2016 07:59,16/05/2016 14:01,6.032222222,1
473019744,WT27,nacelle,WTG27C NACELLE CRANE MAINT 2016,09/06/2016 08:00,05/06/2016 19:06,07/06/2016 08:20,37.235,1
473020463,WT02,other_parts,WTG 02A WORK ON TOWER LIGHTS,13/04/2016 16:00,07/04/2016 07:32,13/04/2016 15:37,15.10444444,2
473020683,WT20,nacelle,WTG20C NACELLE CRANE MAINT 2016,15/06/2016 08:00,14/06/2016 07:13,14/06/2016 15:07,7.895277778,1
473020687,WT16,nacelle,WTG16B NACELLE CRANE MAINT 2016,18/05/2016 12:30,16/05/2016 09:49,18/05/2016 14:44,20.28722222,3
473020893,WT04,nacelle,WTG4A NACELLE CRANE MAINT 2016,14/06/2016 11:00,09/06/2016 16:20,10/06/2016 13:34,21.23388889,1
473021434,WT02,nacelle,WTG 02A REPLACE NACELLE CRANE HOOK,13/04/2016 15:30,07/04/2016 07:32,13/04/2016 15:37,15.10444444,2
473021859,WT06,other_parts,WTG 06A WORK ON LIGHTS IN TOWER,22/04/2016 15:00,18/04/2016 09:15,22/04/2016 14:52,20.88944445,3
473022331,WT07,electrical,WTG7A WORK IN A6 (HUB COMMS ERROR),15/04/2016 17:00,15/04/2016 07:54,18/04/2016 16:22,80.46888889,1
473023088,WT07,electrical,WTG7A REWIRE X/Y SENSORS,19/04/2016 15:00,15/04/2016 07:54,18/04/2016 16:22,80.46888889,1
473023089,WT07,yaw,WTG7A FIT YOYO'S IN YAW AND NACELLE,19/04/2016 12:00,15/04/2016 07:54,18/04/2016 16:22,80.46888889,1
473023252,WT09,yaw,WTG9A FIT YOYO'S IN YAW AND NACELLE,19/04/2016 14:00,19/04/2016 07:48,19/04/2016 15:15,7.450833333,1
473023254,WT09,electrical,WTG9A REWIRE X/Y SENSORS,19/04/2016 10:00,19/04/2016 07:48,19/04/2016 15:15,7.450833333,1
473024126,WT07,unclassified,WTG7A REPLACE POWER SUPPLY IN A6,20/04/2016 08:00,15/04/2016 07:54,20/04/2016 15:22,88.30583333,2
473026741,WT07,other_parts,WTG 07 WORK ON LIGHTS IN TOWER,29/04/2016 16:00,28/04/2016 07:22,29/04/2016 15:29,17.18666667,2
473028225,WT07,unclassified,WTG7A INVESTIGATE M SYSTEM ERRORS,28/04/2016 08:00,28/04/2016 07:22,28/04/2016 16:44,9.355277778,1
473034636,WT19,yaw,WTG 19C REPLACE YOYOS,29/04/2016 14:00,28/04/2016 15:59,29/04/2016 14:31,22.54138889,1
473034637,WT19,electrical,WTG 19C RE WIRE DAM XY SENSOR,29/04/2016 14:30,28/04/2016 15:59,29/04/2016 14:31,22.54138889,1
473034638,WT19,other_parts,WTG 19C TOP UP COOLENT,29/04/2016 08:00,28/04/2016 15:59,29/04/2016 14:31,22.54138889,1
473036767,WT09,lift,WTG9A REPLACE LIFT DOOR,05/05/2016 12:30,28/04/2016 10:01,04/05/2016 15:18,13.45805556,2
473036768,WT01,yaw,WTG1A FIT YOYO'S IN YAW AND NACELLE,04/05/2016 14:00,04/05/2016 07:16,04/05/2016 15:19,8.050555556,1
473036769,WT01,electrical,WTG1A REWIRE X/Y SENSORS,04/05/2016 10:30,04/05/2016 07:16,04/05/2016 15:19,8.050555556,1
473037406,WT16,electrical,WTG16B REWIRE X/Y SENSORS,05/05/2016 09:00,05/05/2016 08:29,05/05/2016 15:12,6.715277778,1
473037408,WT20,electrical,WTG20C REWIRE X/Y SENSORS,06/05/2016 08:30,06/05/2016 07:41,06/05/2016 14:43,7.0375,1
473037409,WT20,yaw,WTG20C FIT YOYO'S IN YAW AND NACELLE,06/05/2016 10:30,06/05/2016 07:41,06/05/2016 14:43,7.0375,1
473037431,WT09,unclassified,WTG9A REPLACE CORRODED BUS BARS,05/05/2016 08:00,28/04/2016 10:01,04/05/2016 15:18,13.45805556,2
473038006,WT07,unclassified,WTG7A VISUAL INPECTION OF ENTRANCE DOOR,05/05/2016 08:00,28/04/2016 07:22,29/04/2016 15:29,17.18666667,2
473038009,WT09,unclassified,WTG9A FIT REINFORCED DOOR WASHERS,06/05/2016 08:00,04/05/2016 07:43,04/05/2016 15:18,7.573055556,1
473040053,WT01,other_parts,WTG01A WORK ON LIGHTS,11/05/2016 13:00,04/05/2016 07:16,11/05/2016 15:10,36.30805556,5
473041512,WT01,unclassified,WTG01A BEACON ERROR,11/05/2016 14:45,04/05/2016 07:16,11/05/2016 15:10,36.30805556,5
473041740,WT01,yaw,WTG01A FIT YOYO'S IN YAW AND NACELLE (W),04/05/2016 14:00,04/05/2016 07:16,04/05/2016 15:19,8.050555556,1
473041742,WT02,yaw,WTG02A FIT YOYO'S IN YAW AND NACELLE (W),05/04/2016 12:30,01/04/2016 08:56,04/04/2016 15:26,13.23888889,2
473041746,WT04,yaw,WTG04A FIT YOYO'S IN YAW AND NACELLE (W),01/04/2016 11:30,01/04/2016 09:27,01/04/2016 14:46,5.327222222,1
473041748,WT06,yaw,WTG06A FIT YOYO'S IN YAW AND NACELLE (W),31/03/2016 12:00,31/03/2016 07:52,31/03/2016 15:02,7.156666667,1
473041749,WT07,yaw,WTG07A FIT YOYO'S IN YAW AND NACELLE (W),19/04/2016 12:00,15/04/2016 07:54,18/04/2016 16:22,80.46888889,1
473041767,WT09,yaw,WTG09A FIT YOYO'S IN YAW AND NACELLE (W),19/04/2016 14:00,19/04/2016 07:48,19/04/2016 15:15,7.450833333,1
473041768,WT10,yaw,WTG10B FIT YOYO'S IN YAW AND NACELLE (W),05/07/2016 14:30,05/07/2016 07:53,05/07/2016 15:03,7.159166667,1
473041810,WT11,yaw,WTG11B FIT YOYO'S IN YAW AND NACELLE (W),01/08/2016 10:00,01/08/2016 07:39,01/08/2016 14:50,7.173333333,1
473041811,WT12,yaw,WTG12B FIT YOYO'S IN YAW AND NACELLE (W),27/07/2016 13:30,22/07/2016 08:44,27/07/2016 14:47,12.40611111,2
473041812,WT13,yaw,WTG13B FIT YOYO'S IN YAW AND NACELLE (W),15/06/2016 13:30,15/06/2016 07:39,15/06/2016 15:24,7.753333333,1
473041816,WT15,yaw,WTG15B FIT YOYO'S IN YAW AND NACELLE (W),27/07/2016 11:00,21/07/2016 07:33,27/07/2016 14:56,19.985,3
473041817,WT16,yaw,WTG16B FIT YOYO'S IN YAW AND NACELLE (W),20/05/2016 11:00,16/05/2016 09:49,20/05/2016 14:45,27.25222222,4
473041820,WT17,yaw,WTG17B FIT YOYO'S IN YAW AND NACELLE (W),29/02/2016 14:00,27/02/2016 11:04,01/03/2016 11:36,72.52944444,1
473041825,WT19,yaw,WTG19C FIT YOYO'S IN YAW AND NACELLE (W),29/04/2016 14:00,28/04/2016 15:59,29/04/2016 14:31,22.54138889,1
473041826,WT20,yaw,WTG20C FIT YOYO'S IN YAW AND NACELLE (W),06/05/2016 10:30,06/05/2016 07:41,06/05/2016 14:43,7.0375,1
473041828,WT22,yaw,WTG22C FIT YOYO'S IN YAW AND NACELLE (W),22/02/2016 11:30,22/02/2016 09:34,22/02/2016 14:55,5.341111111,1
473041829,WT23,yaw,WTG23C FIT YOYO'S IN YAW AND NACELLE (W),23/03/2016 12:00,22/03/2016 08:50,23/03/2016 16:26,14.81027778,2
473041871,WT25,yaw,WTG25C FIT YOYO'S IN YAW AND NACELLE (W),22/03/2016 14:00,18/03/2016 09:18,21/03/2016 16:26,79.13638889,1
473041872,WT26,yaw,WTG26C FIT YOYO'S IN YAW AND NACELLE (W),21/03/2016 13:30,14/03/2016 10:49,21/03/2016 16:42,33.81777778,5
473041873,WT27,yaw,WTG27C FIT YOYO'S IN YAW AND NACELLE (W),19/02/2016 14:00,19/02/2016 08:28,19/02/2016 13:53,5.4075,1
473046915,WT16,other_parts,WTG16B WORK ON LIGHTS,18/05/2016 14:00,16/05/2016 09:49,18/05/2016 14:44,20.28722222,3
473047610,WT19,other_parts,WTG19C WORK ON LIGHTS,16/06/2016 12:00,15/06/2016 07:05,16/06/2016 12:17,12.98638889,2
473057447,WT07,unclassified,WTG07A M SYSTEM FAULT,07/06/2016 08:15,07/06/2016 07:30,07/06/2016 12:59,5.488055556,1
473062697,WT27,blade,WTG27C BLADE B EDGE FREQ ERROR,06/06/2016 08:00,05/06/2016 19:06,07/06/2016 08:20,37.235,1
473066013,WT04,unclassified,WTG 04A REPLACE SLIP RING,10/06/2016 08:00,09/06/2016 16:20,10/06/2016 13:34,21.23388889,1
473067433,WT13,unclassified,WTG13B M SYSTEM FAULT,15/06/2016 08:00,15/06/2016 07:39,15/06/2016 15:24,7.753333333,1
473068006,WT20,other_parts,WTG20C WORK ON LIGHTS,14/06/2016 14:30,14/06/2016 07:13,14/06/2016 15:07,7.895277778,1
473068041,WT20,yaw,WTG20C REPLACE YAW GEAR BOLTS,14/06/2016 13:00,14/06/2016 07:13,14/06/2016 15:07,7.895277778,1
473068860,WT13,unclassified,WTG13B WORK ON HYDRAULIC STATION,15/06/2016 13:00,15/06/2016 07:39,15/06/2016 15:24,7.753333333,1
473068943,WT13,unclassified,WTG13B WORK IN A18,15/06/2016 12:00,15/06/2016 07:39,15/06/2016 15:24,7.753333333,1
473069471,WT13,yaw,WTG13B WORK ON YAW SYSTEM,15/06/2016 10:30,15/06/2016 07:39,15/06/2016 15:24,7.753333333,1
473069473,WT13,electrical,WTG13B REWIRE DAM X/Y SENSORS,15/06/2016 14:00,15/06/2016 07:39,15/06/2016 15:24,7.753333333,1
473070870,WT17,unclassified,WTG17B DC FUSE BLOWN,20/06/2016 14:00,17/06/2016 02:22,20/06/2016 15:15,84.88833333,1
473074202,WT18,electrical,WTG 18A REWIRE XY SENSORS,22/06/2016 12:00,22/06/2016 09:04,22/06/2016 14:54,5.832222222,1
473077058,WT18,other_parts,WTG18B WORK ON LIGHTS,28/06/2016 16:00,22/06/2016 09:04,28/06/2016 12:58,18.06638889,3
473077963,WT05,electrical,WTG05A INVESTIGATE MAIN BREAKER TRIP,28/06/2016 16:00,28/06/2016 07:34,28/06/2016 14:49,7.253888889,1
473078495,WT05,unclassified,WTG05A VISUAL INSPECTION OF WTG,29/06/2016 08:00,28/06/2016 07:34,29/06/2016 14:45,14.75472222,2
473080393,WT05,other_parts,WTG 05A WORK ON LIGHTS,04/07/2016 08:00,28/06/2016 07:34,04/07/2016 14:28,30.0225,4
473082326,WT10,electrical,WTG10B REWIRE DAM X/Y SENSORS,05/07/2016 10:00,05/07/2016 07:53,05/07/2016 15:03,7.159166667,1
473088723,WT01,electrical,WTG1A RTF - 15047 - MAIN BREAKER TRIP,14/07/2016 10:00,14/07/2016 07:53,14/07/2016 16:20,8.439166667,1
473089500,WT03,electrical,WTG3A RTF - 15047 - MAIN BREAKER TRIP,15/07/2016 08:00,15/07/2016 07:02,15/07/2016 14:48,7.761666667,1
473093993,WT17,other_parts,WTG17B WORK ON TOWER LIGHTING,22/07/2016 15:00,18/07/2016 07:00,22/07/2016 15:03,12.09222222,2
473094318,WT10,electrical,WTG10B INVESTIGATE MAIN BREAKER TRIP,22/07/2016 16:00,22/07/2016 08:42,22/07/2016 15:57,7.242777778,1
473094319,WT15,electrical,WTG15B REWIRE DAM X/Y SENSORS,22/07/2016 16:30,19/07/2016 07:14,21/07/2016 15:02,15.44611111,2
473097282,WT12,electrical,WTG 12B REWIRE DAM XY SENSOR,27/07/2016 12:00,22/07/2016 08:44,27/07/2016 14:47,12.40611111,2
473097284,WT15,nacelle,WTG 15B WORK ON NACELLE CRANE,27/07/2016 09:00,21/07/2016 07:33,26/07/2016 14:24,14.0775,2
473097483,WT15,yaw,WTG 15B INVESTIGATE LEAKING YAW MOTORS,28/07/2016 14:30,21/07/2016 07:33,27/07/2016 14:56,19.985,3
473098094,WT08,electrical,WTG 08TF-15407-MAIN BREAKER TRIP,29/07/2016 11:00,28/07/2016 07:03,28/07/2016 14:37,7.564722222,1
473098096,WT18,electrical,WTG 08TF-15407-MAIN BREAKER TRIP,29/07/2016 13:00,28/07/2016 07:04,28/07/2016 14:37,7.556388889,1
473099143,WT11,electrical,WTG 11B REWIRE DAM XY SENSOR,01/08/2016 11:30,01/08/2016 07:39,01/08/2016 14:50,7.173333333,1
473105265,WT12,other_parts,WTG 12B REPLACE LIGHT FITTINGS IN TOWER,12/08/2016 13:00,11/08/2016 07:25,12/08/2016 13:19,13.76638889,2
473107789,WT11,other_parts,WTG 11B REPLACE LIGHT FITTINGS IN TOWER,17/08/2016 08:45,11/08/2016 07:15,16/08/2016 15:59,16.00361111,2
473107790,WT11,lift,WTG 11B REPLACE CRANE POWER CABLE,16/08/2016 15:30,11/08/2016 07:15,16/08/2016 15:59,16.00361111,2
473107886,WT12,unclassified,WTG 12B REMOVE SERVICE TOOLS OFF TURBINE,15/08/2016 08:15,11/08/2016 07:25,12/08/2016 13:19,13.76638889,2
473109318,WT14,lift,WTG14B REPLACE LIFT POWER CABLE,17/08/2016 11:00,15/08/2016 08:14,17/08/2016 15:16,12.50027778,2
473111527,WT14,unclassified,WTG14B REPLACE BRAKE PADS,22/08/2016 08:30,15/08/2016 08:14,22/08/2016 15:03,34.31722222,5
473111571,WT14,other_parts,WTG14B WORK ON COOLANT SYSTEM,22/08/2016 14:00,15/08/2016 08:14,22/08/2016 15:03,34.31722222,5
473111572,WT14,other_parts,WTG14B WORK ON TOWER LIGHTS,22/08/2016 15:00,15/08/2016 08:14,22/08/2016 15:03,34.31722222,5
473111682,WT19,unclassified,WTG19C INSTALLATION OF LIDAR,20/08/2016 07:00,18/08/2016 07:32,18/08/2016 14:56,7.406388889,1
473113126,WT13,lift,WTG13B REPLACE LIFT POWER CABLE,25/08/2016 08:00,23/08/2016 07:14,25/08/2016 14:21,12.43138889,2
473117052,WT26,blade,WTG 26C INVESTIGATE HUB BLADE VALVE ERRO,30/08/2016 08:00,30/08/2016 01:41,30/08/2016 13:09,11.47888889,1
473118031,WT15,lift,WTG15B REPLACE LIFT DRIVE CABLES,15/11/2016 12:00,14/11/2016 08:59,15/11/2016 11:38,26.64722222,1
473120077,WT08,other_parts,WTG8A COOLANT TOP UP,02/09/2016 14:00,01/09/2016 07:37,02/09/2016 14:18,12.90305556,2
473123961,WT21,other_parts,WTG 21C FAULT FIND CONVERTOR FAN,08/09/2016 09:30,07/09/2016 21:48,08/09/2016 14:58,17.16416667,1
473123962,WT21,other_parts,WTG 21C WORK CONVERTOR COOLING SYSTE FAN,08/09/2016 12:00,07/09/2016 21:48,08/09/2016 14:58,17.16416667,1
473127135,WT08,other_parts,WTG 08A WORK ON LIGHTS,13/09/2016 15:00,12/09/2016 07:16,13/09/2016 15:09,14.76861111,2
473128577,WT21,other_parts,WTG21C WORK ON TOWER LIGHTING,15/09/2016 14:30,07/09/2016 21:48,15/09/2016 15:10,28.95138889,3
473128578,WT21,other_parts,WTG21C FIT HOSE CLAMPS ON COOLANT SYSTEM,15/09/2016 12:30,07/09/2016 21:48,15/09/2016 15:10,28.95138889,3
473129798,WT19,electrical,WTG19C INVESTIGATE MV BREAKER TRIP,18/09/2016 09:00,12/09/2016 07:34,22/09/2016 19:26,233.6980556,3
473131172,WT21,yaw,WTG21C LEAKING YAW GEAR,20/09/2016 14:15,13/09/2016 09:20,20/09/2016 15:05,27.05833333,4
473132198,WT03,other_parts,WTG 03A WORK ON LIGHT FITTINS,22/09/2016 14:00,15/09/2016 08:05,22/09/2016 15:23,36.81861111,5
473132199,WT03,yaw,WTG 03A WORK ON YAW MOTOR,22/09/2016 11:30,15/09/2016 08:05,22/09/2016 15:23,36.81861111,5
473132809,WT19,unclassified,WTG 19C REMOVE TOOLING FROM TURBINE,22/09/2016 16:30,13/09/2016 07:32,22/09/2016 19:26,226.3694445,2
473134883,WT18,converter,WTG 18C CONVERTER FAN ERROR,27/09/2016 09:30,26/09/2016 15:55,27/09/2016 13:47,21.83361111,2
473147453,WT06,lift,WTG6A REPLACE LIFT DRIVE CABLES,03/11/2016 12:00,27/10/2016 08:16,27/10/2016 16:37,8.344722222,1
473147455,WT07,lift,WTG7A REPLACE LIFT DRIVE CABLES,18/10/2016 08:00,18/10/2016 07:33,18/10/2016 13:36,6.046111111,1
473147456,WT08,lift,WTG8A REPLACE LIFT DRIVE CABLES,31/10/2016 08:00,27/10/2016 08:17,27/10/2016 16:37,8.333611111,1
473147457,WT09,lift,WTG9A REPLACE LIFT DRIVE CABLES,18/10/2016 13:00,18/10/2016 07:46,18/10/2016 15:04,7.289722222,1
473147460,WT04,lift,WTG4A REPLACE LIFT DRIVE CABLES,31/10/2016 11:30,27/10/2016 08:16,31/10/2016 13:44,13.48305556,2
473147526,WT02,lift,WTG2A REPLACE LIFT DRIVE CABLES,25/10/2016 12:00,19/10/2016 10:29,25/10/2016 09:27,131.3455556,3
473151372,WT02,electrical,WTG 02 FAULT FIND MAIN BREAKER TRIP,21/10/2016 08:00,19/10/2016 10:29,21/10/2016 15:39,53.16388889,1
473152118,WT02,converter,WTG 02 REPLACE 2 X DELTAS,21/10/2016 10:30,19/10/2016 10:29,21/10/2016 15:39,53.16388889,1
473153618,WT02,unclassified,WYG O2 FAULT FIND DC-Volt deviation too,25/10/2016 08:00,19/10/2016 10:29,25/10/2016 09:27,131.3455556,3
473153703,WT02,unclassified,WTG 02A REPLACE SMPS CARD A12,25/10/2016 10:00,19/10/2016 10:29,25/10/2016 09:27,131.3455556,3
473155259,WT27,unclassified,WTG27C INVESTIGATE SMOKE IN A18 ALARM,27/10/2016 09:00,27/10/2016 08:18,27/10/2016 16:37,8.3225,1
473160814,WT16,unclassified,WTG16B WORK IN THE A6 PANEL,04/11/2016 14:00,04/11/2016 08:07,04/11/2016 14:36,6.479444444,1
473162713,WT23,unclassified,WTG 23C CHECK M SYSTEM,08/12/2016 13:00,08/12/2016 08:42,08/12/2016 16:51,8.150555556,1
473165450,WT03,converter,WTG03A WORK ON CONVERTER COOLING FAN,13/11/2016 08:00,10/11/2016 22:15,11/11/2016 07:42,9.458055556,1
473165493,WT03,electrical,WTG03A WORK ON OIL PARTICLE COUNTER,13/11/2016 11:30,10/11/2016 22:15,13/11/2016 14:19,15.09333333,2
473165692,WT03,yaw,WTG03A REPLACE YAW 6 LEAKING TOP GLASS,13/11/2016 13:00,10/11/2016 22:15,13/11/2016 14:19,15.09333333,2
473165791,WT24,other_parts,WTG24C COOLER VALVE OPERATIONAL CHECK,16/11/2016 14:30,16/11/2016 09:59,16/11/2016 15:56,5.951666667,1
473166698,WT15,electrical,WTG15B INVESTIGATE HV POWER TRIP,14/11/2016 12:30,14/11/2016 08:59,15/11/2016 11:38,26.64722222,1
473167372,WT15,unclassified,WTG15B REPLACE MV 3000 UNIT,15/11/2016 08:00,14/11/2016 08:59,15/11/2016 11:38,26.64722222,1
473167380,WT01,electrical,WTG01A HV MAINT 2017,11/04/2017 13:30,11/04/2017 08:43,11/04/2017 16:13,7.4925,1
473167514,WT02,electrical,WTG02A HV MAINT 2017,12/04/2017 08:00,11/04/2017 10:30,11/04/2017 16:00,5.510277778,1
473167518,WT06,electrical,WTG06A HV MAINT 2017,14/04/2017 08:30,11/04/2017 07:34,13/04/2017 15:27,15.19611111,2
473167730,WT18,electrical,WTG18B HV MAINT 2017,21/04/2017 13:00,20/04/2017 22:28,21/04/2017 11:14,12.77527778,1
473168559,WT24,converter,WTG03A REPLACE MV3000 MODULE,16/11/2016 15:00,16/11/2016 09:59,16/11/2016 15:56,5.951666667,1
473168888,WT27,lift,WTG27C REPLACE LIFT DRIVE CABLES,17/11/2016 12:30,14/11/2016 13:05,14/11/2016 19:42,6.620833333,1
473168889,WT27,other_parts,WTG27C COOLANT TOP UP,17/11/2016 10:00,14/11/2016 13:05,14/11/2016 19:42,6.620833333,1
473172716,WT11,pitch,WTG11B INV HYD OIL & PITCH LUBE ERROR,24/11/2016 11:00,23/11/2016 15:16,24/11/2016 15:55,24.65111111,1
473174570,WT17,blade,WTG17B EDGE FREQUENCY CHECK BLADE A,29/11/2016 12:00,25/11/2016 22:55,29/11/2016 18:47,91.87305556,1
473174651,WT10,blade,WTG10B EDGE FREQUENCY CHECK BLADE A,29/11/2016 08:00,25/11/2016 20:21,30/11/2016 09:06,108.7486111,1
473175557,WT09,other_parts,WTG09A INV HIGH COOLANT PRESSURE WARNING,30/11/2016 16:00,30/11/2016 08:11,30/11/2016 18:28,10.28805556,1
473182728,WT23,other_parts,WTG23C WORK ON LIGHTS,09/12/2016 12:30,08/12/2016 08:42,09/12/2016 13:45,28.95388889,2
473182729,WT23,other_parts,WTG23C COOLANT TOP UP,08/12/2016 11:00,08/12/2016 08:42,08/12/2016 16:51,8.150555556,1
473182771,WT23,unclassified,WTG23C E-STOP FAULT,09/12/2016 13:30,08/12/2016 08:42,09/12/2016 13:45,28.95388889,2
473183126,WT22,other_parts,WTG22C COOLANT TOP UP,13/12/2016 14:00,13/12/2016 08:14,13/12/2016 15:43,7.489722222,1
473183469,WT01,other_parts,WTG01A COOLANT TOP UP,19/01/2017 16:00,19/01/2017 08:17,19/01/2017 17:39,9.3775,1
473184902,WT10,other_parts,WTG 10B CHECK FOR COOLENT LEAK AND TOP U,15/12/2016 09:30,08/12/2016 08:18,15/12/2016 18:58,19.25194445,2
473185284,WT06,other_parts,WTG 06 COOLENT CHECK AND TOP UP,16/12/2016 09:00,16/12/2016 08:24,16/12/2016 15:16,6.873333333,1
473185675,WT10,unclassified,WTG 10B FAULT FIND G2 RETROFIT ERRORS,15/12/2016 15:30,08/12/2016 08:18,15/12/2016 18:58,19.25194445,2
473185676,WT10,unclassified,WTG 10B WORK IN A4 CABNET,15/12/2016 19:00,15/12/2016 08:09,15/12/2016 18:58,10.81555556,1
473186524,WT06,unclassified,WTG 06A WORK IN THE A4,16/12/2016 14:00,16/12/2016 08:24,16/12/2016 15:16,6.873333333,1
473187586,WT25,unclassified,WTG 25C WORK IN A4 CABNET,20/12/2016 09:00,20/12/2016 08:21,20/12/2016 14:00,5.649166667,1
473187757,WT17,unclassified,WTG 17B WORK IN THE A4 CABNET,21/12/2016 14:00,21/12/2016 08:06,21/12/2016 15:16,7.170555556,1
473188360,WT17,other_parts,WTG17B CHECK FOR LEAKS & TOP UP COOLANT,21/12/2016 15:00,21/12/2016 08:06,21/12/2016 15:16,7.170555556,1
473190145,WT17,yaw,WTG17B INVESTIGATE YAW CONVERTER ERRORS,24/12/2016 11:00,21/12/2016 08:06,24/12/2016 10:22,27.74666667,2
473190146,WT16,unclassified,WTG16B INVESTIGATE SMOKE IN A18,24/12/2016 09:30,23/12/2016 14:14,24/12/2016 09:46,19.53777778,1
473190969,WT10,unclassified,WTG 10B WORK IN A12 CABNET,28/12/2016 12:00,28/12/2016 01:54,28/12/2016 13:11,11.28472222,2
473190970,WT10,converter,WTG 10B RE DO CONVERTER UPDATE,28/12/2016 13:00,28/12/2016 01:54,28/12/2016 13:11,11.28472222,2
473190984,WT10,unclassified,10B FAULT FIND CONVERTOR ERRORS,28/12/2016 11:00,28/12/2016 01:54,28/12/2016 13:11,11.28472222,2
473195295,WT03,unclassified,WTG03A INV CUSTOMER STRAINSTALL FAULT,06/01/2017 10:30,06/01/2017 08:16,06/01/2017 16:21,8.081111111,1
473195296,WT03,pitch,WTG03 PITCH POS. B MEASUREMENT ERROR,06/01/2017 12:30,06/01/2017 08:16,06/01/2017 16:21,8.081111111,1
473195297,WT03,unclassified,WTG03 WORK IN A4,06/01/2017 11:30,06/01/2017 08:16,06/01/2017 16:21,8.081111111,1
473195298,WT03,other_parts,WTG03A TOP UP COOLANT,06/01/2017 15:00,06/01/2017 08:16,06/01/2017 16:21,8.081111111,1
473195848,WT17,blade,WTG17B INV BLADE B EDGE FREQ ERROR,08/01/2017 08:30,07/01/2017 17:19,08/01/2017 14:11,20.86722222,1
473197142,WT23,other_parts,WTG23C RTF-16076-2.3-NACELLE HATCH,10/01/2017 11:30,10/01/2017 08:11,10/01/2017 16:46,8.577777778,1
473197202,WT01,other_parts,WTG01A RTF-16076-2.3-NACELLE HATCH,19/01/2017 15:30,19/01/2017 08:17,19/01/2017 17:39,9.3775,1
473197207,WT02,other_parts,WTG02A RTF-16076-2.3-NACELLE HATCH,16/02/2017 15:30,14/02/2017 10:29,17/02/2017 07:49,69.33722222,1
473197209,WT04,other_parts,WTG04A RTF-16076-2.3-NACELLE HATCH,18/01/2017 12:00,17/01/2017 14:04,18/01/2017 11:17,21.20611111,1
473197251,WT05,other_parts,WTG05A RTF-16076-2.3-NACELLE HATCH,01/02/2017 10:00,30/01/2017 08:13,01/02/2017 14:23,13.53027778,2
473197252,WT06,other_parts,WTG06A RTF-16076-2.3-NACELLE HATCH,11/04/2017 15:00,11/04/2017 07:34,11/04/2017 15:26,7.861666667,1
473197255,WT08,other_parts,WTG08A RTF-16076-2.3-NACELLE HATCH,22/08/2017 14:30,21/08/2017 07:43,21/08/2017 14:00,6.298888889,1
473197264,WT10,other_parts,WTG10B RTF-16076-2.3-NACELLE HATCH,23/01/2017 12:30,23/01/2017 00:51,23/01/2017 12:15,11.39,1
473197266,WT11,other_parts,WTG11B RTF-16076-2.3-NACELLE HATCH,14/08/2017 11:15,11/08/2017 07:06,14/08/2017 17:46,15.80666667,2
473197267,WT12,other_parts,WTG12B RTF-16076-2.3-NACELLE HATCH,20/01/2017 13:30,20/01/2017 08:11,20/01/2017 15:10,6.978888889,1
473197269,WT14,other_parts,WTG14B RTF-16076-2.3-NACELLE HATCH,24/11/2017 15:15,24/11/2017 08:18,24/11/2017 18:12,9.901944444,1
473197270,WT15,other_parts,WTG15B RTF-16076-2.3-NACELLE HATCH,25/01/2017 09:00,25/01/2017 08:12,25/01/2017 15:14,7.026388889,1
473197304,WT16,other_parts,WTG16B RTF-16076-2.3-NACELLE HATCH,26/01/2017 18:00,26/01/2017 08:34,26/01/2017 15:07,6.543055556,1
473198600,WT13,pitch,WTG 13B FAULT FIND PITCH HYDROLICS,12/01/2017 09:30,10/01/2017 23:24,12/01/2017 14:30,39.09805556,1
473199223,WT13,unclassified,WTG 13B REPLACE HYDROLIC PUMP,12/01/2017 09:30,10/01/2017 23:24,12/01/2017 14:30,39.09805556,1
473200892,WT25,yaw,WTG 25C FAULT FIND YAW ERRORS,16/01/2017 10:00,13/01/2017 18:40,16/01/2017 12:18,60.52055555,2
473202544,WT04,blade,WTG 04A FAULT LOW PRESSURE IN BLADES,18/01/2017 08:00,17/01/2017 14:04,18/01/2017 11:17,21.20611111,1
473202545,WT04,unclassified,WTG 04A WORK IN THE A6 CABNET,18/01/2017 12:00,17/01/2017 14:04,18/01/2017 11:17,21.20611111,1
473202894,WT04,unclassified,WTG04A INSPECTION OF MACHINE SHOES,18/01/2017 15:00,17/01/2017 14:04,18/01/2017 11:17,21.20611111,1
473204267,WT01,unclassified,WTG01A INSPECTION OF MACHINE SHOES,19/01/2017 09:00,19/01/2017 08:17,19/01/2017 17:39,9.3775,1
473205636,WT12,nacelle,WTG12B REPLACE HUB HATCH BOLTS,20/01/2017 14:00,20/01/2017 08:11,20/01/2017 15:10,6.978888889,1
473205766,WT12,other_parts,WTG12B COOLANT TOP UP,20/01/2017 15:00,20/01/2017 08:11,20/01/2017 15:10,6.978888889,1
473206233,WT10,unclassified,WTG10B INVESTIGATE SF-6 PRESSURE ERROR,23/01/2017 09:30,23/01/2017 00:51,23/01/2017 12:15,11.39,1
473207287,WT15,electrical,WTG15B WORK ON VD SENSORS,25/01/2017 14:30,25/01/2017 08:12,25/01/2017 15:14,7.026388889,1
473207391,WT16,nacelle,WTG16B REPLACE HUB HATCH BOLTS,26/01/2017 11:00,26/01/2017 08:34,26/01/2017 15:07,6.543055556,1
473209539,WT26,unclassified,26C CHECK OF 110V SYSTEM,27/01/2017 11:30,27/01/2017 08:11,27/01/2017 15:08,6.953888889,1
473210182,WT26,unclassified,WTG 26 WORK IN THE A12 CABNET,27/01/2017 10:00,27/01/2017 08:11,27/01/2017 15:08,6.953888889,1
473211519,WT05,unclassified,WTG 05 CHECK MACHINE FOOT,30/01/2017 16:00,30/01/2017 08:13,30/01/2017 15:26,7.223333333,1
473211520,WT05,other_parts,WTG 05A COOLENT TOP UP,30/01/2017 14:30,30/01/2017 08:13,30/01/2017 15:26,7.223333333,1
473212999,WT05,unclassified,WTG05A WORK IN A4,01/02/2017 14:00,30/01/2017 08:13,01/02/2017 14:23,13.53027778,2
473214243,WT05,unclassified,WTG05A INVESTIGATE SMOKE IN A18,03/02/2017 08:30,30/01/2017 08:13,03/02/2017 12:03,27.04416667,3
473216156,WT24,other_parts,WTG24C RTF 16076-02 SELF CLOSING HATCH,06/02/2017 13:30,06/02/2017 08:19,06/02/2017 13:46,5.449444444,1
473216157,WT22,other_parts,WTG22C RTF 16076-02 SELF CLOSING HATCH,20/02/2017 14:30,17/02/2017 08:13,20/02/2017 13:28,12.66972222,2
473216197,WT16,other_parts,WTG16B RTF 16076-02 SELF CLOSING HATCH,26/01/2017 11:30,26/01/2017 08:34,26/01/2017 15:07,6.543055556,1
473216199,WT26,other_parts,WTG27C RTF 16076-02 SELF CLOSING HATCH,27/01/2017 12:00,27/01/2017 08:11,27/01/2017 15:08,6.953888889,1
473216222,WT27,other_parts,WTG27C RTF 16076-02 SELF CLOSING HATCH,20/03/2017 14:00,14/03/2017 08:25,20/03/2017 15:50,13.36138889,2
473216223,WT25,other_parts,WTG25C RTF 16076-02 SELF CLOSING HATCH,20/03/2017 13:30,14/03/2017 08:11,20/03/2017 15:35,15.05694444,2
473216327,WT22,lift,WTG22C REPLACE LIFT CABLE BUCKET,17/02/2017 16:00,17/02/2017 08:13,17/02/2017 15:43,7.495277778,1
473220305,WT22,unclassified,WTG 22C REPLACE BUZZ BARS IN A4,03/03/2017 12:00,28/02/2017 08:45,03/03/2017 17:40,26.43638889,3
473220858,WT02,electrical,WTG 02A FAULT FIND MAIN BREAKER TRIP,28/02/2017 14:00,26/02/2017 17:51,28/02/2017 12:00,40.43305555,2
473220859,WT02,unclassified,WTG 02A WORK IN THE A12 CABNET,15/02/2017 14:00,14/02/2017 10:29,17/02/2017 07:49,69.33722222,1
473223202,WT02,other_parts,WTG02A COOLANT TOP UP,16/02/2017 16:30,14/02/2017 10:29,17/02/2017 07:49,69.33722222,1
473225634,WT07,lift,WTG07A REPLACE LIFT CABLE BUCKET,21/02/2017 15:00,21/02/2017 08:12,21/02/2017 15:18,7.106666667,1
473231473,WT02,converter,WTG 02A FAULT FIND DELTA FREQUENCY ERROR,28/02/2017 08:30,26/02/2017 17:51,28/02/2017 12:00,40.43305555,2
473233087,WT22,other_parts,WTG22C WORK ON LIGHTS,02/03/2017 16:00,28/02/2017 08:45,02/03/2017 16:06,16.83388889,2
473233088,WT02,lift,WTG02A REPLACE LIFT BUCKET,03/03/2017 15:00,26/02/2017 17:51,03/03/2017 15:52,110.1922222,5
473233918,WT22,unclassified,WTG22C REPLACE HPFI SWITCH,03/03/2017 16:30,28/02/2017 08:45,03/03/2017 17:40,26.43638889,3
473234388,WT02,other_parts,WTG02A WORK ON COOLANT SYSTEM,03/03/2017 09:00,26/02/2017 17:51,03/03/2017 15:52,110.1922222,5
473238769,WT25,lift,WTG 25C FAULT FIND LIFT NO POWER,10/03/2017 15:00,10/03/2017 10:28,10/03/2017 16:51,6.382222222,1
473238908,WT24,electrical,WTG 24C FAULT FIND COMMS ERROR,11/03/2017 11:00,10/03/2017 22:12,11/03/2017 11:31,13.30833333,1
473239107,WT22,unclassified,WT 22C FAULT FIND SMOKE IN THE INVERTOR,12/03/2017 08:00,11/03/2017 23:13,12/03/2017 09:59,10.76555556,1
473241004,WT25,lift,WTG25C REPLACE LIFT CABLE BAG,14/03/2017 12:30,10/03/2017 10:28,14/03/2017 15:46,13.95805556,2
473241010,WT15,lift,WTG15B REPLACE LIFT CABLE BAG,16/03/2017 14:30,15/03/2017 08:09,16/03/2017 15:39,16.53138889,2
473241891,WT26,other_parts,WTG26C WORK ON LIGHTS,16/03/2017 14:30,15/03/2017 08:27,16/03/2017 16:11,14.9125,2
473243672,WT26,gearbox,WTG26C REPAIR GEARBOX SEAL,16/03/2017 13:30,15/03/2017 08:27,16/03/2017 16:11,14.9125,2
473248069,WT17,electrical,WTG 17B FAULT FIND NO COMMS,27/03/2017 08:00,24/03/2017 10:15,27/03/2017 14:48,76.43277778,2
473248733,WT27,other_parts,wtg 27c work on lights and fittings,28/03/2017 10:30,24/03/2017 10:15,28/03/2017 15:46,23.77666667,3
473248734,WT27,gearbox,wtg 27C REPLACE GEAR OIL TRANSDUCER,28/03/2017 16:00,24/03/2017 10:15,28/03/2017 15:46,23.77666667,3
473248735,WT27,other_parts,WTG 27C WORK ON COOLENT SYSTEM,28/03/2017 08:00,24/03/2017 10:15,28/03/2017 15:46,23.77666667,3
473249046,WT24,lift,WTG 24C REPLACE LIFT BUCKET,29/03/2017 15:30,24/03/2017 08:18,28/03/2017 14:37,11.9425,2
473250213,WT07,gearbox,WTG07A GEAR OIL PUMP BLOWER SUPERHEATED,30/03/2017 08:00,24/03/2017 10:15,30/03/2017 15:27,39.05333333,2
473252182,WT24,gearbox,WTG24C REPAIR GEARBOX SEAL,04/04/2017 12:30,28/03/2017 09:14,04/04/2017 14:45,50.29861111,4
473252259,WT24,other_parts,WTG24C WORK ON LIGHTS,04/04/2017 15:00,30/03/2017 07:33,04/04/2017 14:45,44.91611111,3
473252337,WT24,unclassified,WTG24C REPLACE ACCUMULATOR,04/04/2017 11:15,28/03/2017 09:14,04/04/2017 14:45,50.29861111,4
473252338,WT24,other_parts,WTG24C COOLANT BLEED VALVE,04/04/2017 13:00,28/03/2017 09:14,04/04/2017 14:45,50.29861111,4
473252494,WT24,other_parts,WTG24C REPLACE HAND CONTROLLER CABLE,03/04/2017 18:15,28/03/2017 09:14,04/04/2017 14:45,50.29861111,4
473252963,WT24,generator,WTG24C REPLACE GENERATOR PT100 SENSOR,03/04/2017 11:30,28/03/2017 09:14,04/04/2017 14:45,50.29861111,4
473253183,WT25,other_parts,WTG25C WORK ON LIGHTS,04/04/2017 09:00,28/03/2017 07:26,04/04/2017 14:28,21.36138889,3
473253734,WT25,gearbox,WTG25C REPAIR GEARBOX SEAL,04/04/2017 08:00,28/03/2017 07:26,04/04/2017 14:28,21.36138889,3
473253919,WT24,electrical,FAULT FIND P100 SENSOR,04/04/2017 08:00,28/03/2017 09:14,04/04/2017 14:45,50.29861111,4
473255663,WT23,lift,WTG23C REPLACE LIFT BUCKET,06/04/2017 15:00,05/04/2017 08:47,05/04/2017 14:57,6.154444444,1
473257591,WT23,other_parts,WTG 23C REPLACE LIGHTS AND FITTINS IN TO,10/04/2017 15:00,05/04/2017 08:47,10/04/2017 14:46,21.03666667,3
473257887,WT01,unclassified,WTG 01A REPLACE STIC BOX,11/04/2017 16:00,11/04/2017 08:43,11/04/2017 16:13,7.4925,1
473257888,WT23,other_parts,WTG 23C SNAGGING 2017,10/04/2017 08:00,05/04/2017 08:47,10/04/2017 14:46,21.03666667,3
473257920,WT13,unclassified,WTG 23B INSPECTION OF SPINNER,20/06/2018 08:00,20/06/2018 07:24,20/06/2018 15:10,7.767222222,1
473257994,WT06,lift,WTG 06A REPLACE LIFT BUCKET,11/04/2017 15:45,11/04/2017 07:34,11/04/2017 15:26,7.861666667,1
473257999,WT23,unclassified,WTG 23C WORK ON M SYSTEM,11/04/2017 11:30,05/04/2017 08:47,11/04/2017 15:08,29.1175,4
473258074,WT23,converter,WTG WORK ON COOLENT SYSTEM (CONVERTER),11/04/2017 14:30,05/04/2017 08:47,11/04/2017 15:08,29.1175,4
473262235,WT16,electrical,WTG 16 HV SERVICE 2017,20/04/2017 12:00,19/04/2017 09:25,19/04/2017 14:34,5.141111111,1
473262827,WT09,other_parts,WTG 09A WORK ON LIGHTS,21/04/2017 15:00,20/04/2017 07:50,21/04/2017 14:39,13.9275,2
473262942,WT18,blade,WTG 18B FAULT FIND BLADE ERRORS,21/04/2017 08:30,20/04/2017 22:28,21/04/2017 11:14,12.77527778,1
473263031,WT18,unclassified,WTG 18B WORK IN THE A6 CABNET,21/04/2017 11:30,20/04/2017 22:28,21/04/2017 11:14,12.77527778,1
473268855,WT01,lift,WTG01A REPLACE LIFT CABLE BUCKET,11/05/2017 15:00,10/05/2017 07:48,11/05/2017 15:25,15.45166667,2
473269011,WT02,other_parts,WTG02A SNAGGING 2017,13/03/2017 13:00,09/03/2017 08:41,13/03/2017 15:51,22.39972222,3
473269016,WT03,other_parts,WTG03A SNAGGING 2017,07/09/2017 12:00,04/09/2017 07:10,07/09/2017 15:29,26.51416667,4
473269017,WT04,other_parts,WTG04A SNAGGING 2017,28/09/2017 11:30,26/09/2017 07:17,28/09/2017 14:22,20.745,3
473269052,WT08,other_parts,WTG08A SNAGGING 2017,30/08/2017 14:30,25/08/2017 07:10,30/08/2017 15:18,22.97166667,3
473269057,WT13,other_parts,WTG13B SNAGGING 2017,25/09/2017 15:00,20/09/2017 07:15,25/09/2017 15:29,26.12777778,4
473271259,WT07,unclassified,WTG 07A FAULT FIND SMPS ERRORS,06/05/2017 08:00,04/05/2017 22:23,06/05/2017 12:53,38.48694444,1
473271260,WT07,unclassified,WTG 07A WORK IN THE A12 CABINIET,06/05/2017 11:00,04/05/2017 22:23,06/05/2017 12:53,38.48694444,1
473271860,WT07,gearbox,WTG 07A REPLACE FLOOR PLATES ON A21 LEVE,06/05/2017 12:00,04/05/2017 22:23,06/05/2017 12:53,38.48694444,1
473275673,WT01,other_parts,WTG01A WORK ON LIGHTS,11/05/2017 14:00,10/05/2017 07:48,11/05/2017 15:25,15.45166667,2
473275813,WT01,nacelle,WTG01A WORK IN THE HUB,15/05/2017 08:00,10/05/2017 07:48,15/05/2017 14:52,22.86916667,3
473275910,WT16,electrical,WTG16B PARTICLE COUNTER ERROR,24/05/2017 15:00,17/05/2017 07:56,24/05/2017 14:50,31.88583333,4
473276921,WT01,unclassified,WTG01A MARINE LANTERN FAULT,15/05/2017 13:30,10/05/2017 07:48,15/05/2017 14:52,22.86916667,3
473276924,WT01,yaw,WTG01A LEAKING YAW MOTOR,15/05/2017 10:30,10/05/2017 07:48,15/05/2017 14:52,22.86916667,3
473277349,WT01,unclassified,WTG01A WORK ON HYD STATION,15/05/2017 14:00,10/05/2017 07:48,15/05/2017 14:52,22.86916667,3
473277681,WT19,lift,WTG19B REPLACE LIFT BUCKET,16/05/2017 15:15,11/05/2017 13:01,16/05/2017 15:02,27.71333334,2
473278112,WT07,other_parts,WTG07A WORK ON LIGHTS,17/05/2017 16:00,12/05/2017 08:05,17/05/2017 14:55,14.42972222,2
473279110,WT21,unclassified,WTG 21C FAULT FIND HIGH TEMP IN A18,18/05/2017 14:00,18/05/2017 10:08,18/05/2017 15:37,5.474444444,1
473279699,WT19,other_parts,WTG 19C RTF 16076-02 SELF CLOSING HATCH,18/05/2017 15:30,11/05/2017 13:01,18/05/2017 15:16,43.50916667,4
473280056,WT21,yaw,WTG 21C FAULT FIND YAW ERRORS,19/05/2017 13:30,18/05/2017 10:08,19/05/2017 13:14,11.74972222,2
473280057,WT21,unclassified,WTG 21C WORK IN THE A18,19/05/2017 13:30,18/05/2017 10:08,19/05/2017 13:14,11.74972222,2
473281052,WT21,yaw,WTG 21C REPLACE YAW MOTOR,22/05/2017 09:30,18/05/2017 10:08,22/05/2017 15:16,70.94861111,4
473281847,WT20,other_parts,RTF 16076-02 SELF CLOSING HATCH,22/05/2017 12:45,22/05/2017 08:30,22/05/2017 13:46,5.266111111,1
473282652,WT16,other_parts,WTG16B WORK ON LIGHTS,24/05/2017 14:30,17/05/2017 07:56,24/05/2017 14:50,31.88583333,4
473282654,WT20,lift,WTG20C REPLACE LIFT BUCKET,09/06/2017 13:30,25/05/2017 07:26,09/06/2017 13:16,235.1669445,3
473283309,WT20,other_parts,WTG20C WORK ON LIGHTS,09/06/2017 11:45,25/05/2017 07:26,09/06/2017 13:16,235.1669445,3
473283310,WT20,unclassified,WTG20C ACCUMULATOR TOP UP,25/05/2017 08:00,22/05/2017 08:30,03/06/2017 12:53,233.6980556,3
473283371,WT20,other_parts,WTG20C REPLACE COOLANT BLEED VALVE,09/06/2017 12:45,25/05/2017 07:26,09/06/2017 13:16,235.1669445,3
473283471,WT19,unclassified,WTG19C WORK IN A4,26/05/2017 12:00,25/05/2017 07:34,26/05/2017 14:59,13.75277778,2
473283472,WT19,unclassified,WTG19C BACKUP BATTERY ERROR,26/05/2017 13:00,25/05/2017 07:34,26/05/2017 14:59,13.75277778,2
473283566,WT20,yaw,WTG20C INVESTIGATE YAW GEAR DAMAGE,25/05/2017 10:00,22/05/2017 08:30,03/06/2017 12:53,233.6980556,3
473283941,WT19,other_parts,WTG19C WORK ON LIGHTS,26/05/2017 11:00,25/05/2017 07:34,26/05/2017 14:59,13.75277778,2
473283943,WT19,other_parts,WTG19C WORK ON COOLANT SYSTEM,26/05/2017 09:30,25/05/2017 07:34,26/05/2017 14:59,13.75277778,2
473284488,WT15,unclassified,WTG15B SMOKE IN INVERTER,29/05/2017 08:00,28/05/2017 09:38,29/05/2017 09:55,24.27361111,1
473284489,WT24,pitch,WTG24C PITCH PAWL C FEEDBACK,30/05/2017 08:30,28/05/2017 12:37,30/05/2017 11:19,46.69583333,1
473288480,WT18,other_parts,WTG 18B WORK ON THE LIGHTS AND FITTINGS,02/06/2017 15:00,31/05/2017 07:14,02/06/2017 14:01,14.16916667,2
473288999,WT05,lift,05A REPLACE LIFT CABLE BUCKET,09/06/2017 14:00,05/06/2017 07:54,09/06/2017 13:07,11.87583333,2
473290915,WT18,yaw,WTG18B YAW CONVERTER ERRORS,08/06/2017 08:30,02/06/2017 07:18,08/06/2017 15:25,45.66305555,2
473290917,WT20,nacelle,WTG20C NACELLE RADIAL ALIGNMENT,08/06/2017 14:00,25/05/2017 07:26,08/06/2017 15:56,229.2233334,2
473296647,WT10,lift,WTG 10B REPLACE LIFT BUCKET,16/06/2017 15:30,14/06/2017 06:55,16/06/2017 15:12,22.95805555,3
473296648,WT16,gearbox,WTG 16B WORK IN THE A21 CABNET,16/06/2017 08:00,16/06/2017 07:11,16/06/2017 14:32,7.348055556,1
473297426,WT10,unclassified,WTG 10B TEST OF SERVICE SOCKETS,16/06/2017 16:00,14/06/2017 06:55,16/06/2017 15:12,22.95805555,3
473302592,WT12,unclassified,WTG12B ACCUMULATOR CAPACITY ERROR,23/06/2017 08:30,23/06/2017 07:39,23/06/2017 15:09,7.509166667,1
473303985,WT17,lift,WTG17B REPLACE LIFT BUCKET,26/06/2017 14:30,23/06/2017 08:03,23/06/2017 15:04,7.009444444,1
473308013,WT09,other_parts,WTG 09 A FAULT FIND TOR FAN,03/07/2017 12:30,29/06/2017 00:15,29/06/2017 08:23,8.125555556,1
473308014,WT09,gearbox,WTG 09 WORK IN THE A21 PANEL,03/07/2017 13:30,29/06/2017 00:15,29/06/2017 08:23,8.125555556,1
473309727,WT09,unclassified,WTG 09A FAULT FIND WEATHER STATION,03/07/2017 13:30,29/06/2017 00:15,29/06/2017 08:23,8.125555556,1
473311558,WT01,electrical,WTG01A HV MAINT 2018,08/05/2018 07:45,02/05/2018 08:30,02/05/2018 16:05,7.581388889,1
473311829,WT07,electrical,WTG07A HV MAINT 2018,02/05/2018 13:00,02/05/2018 12:57,03/05/2018 15:11,26.23083333,1
473311927,WT16,electrical,WTG16B HV MAINT 2018,14/05/2018 07:45,08/05/2018 07:30,09/05/2018 14:28,14.93222222,2
473311929,WT18,electrical,WTG18B HV MAINT 2018,15/05/2018 08:00,10/05/2018 07:44,10/05/2018 15:50,8.103333333,1
473311961,WT19,electrical,WTG19C HV MAINT 2018,13/05/2018 12:30,11/05/2018 07:38,11/05/2018 13:04,5.43,1
473311963,WT20,electrical,WTG20C HV MAINT 2018,14/05/2018 12:00,11/05/2018 07:22,11/05/2018 15:18,7.936666667,1
473315653,WT10,unclassified,WTG 10B QA WALK DOWN AND CHECK,13/07/2017 08:00,13/07/2017 07:42,13/07/2017 12:55,5.221666667,1
473315654,WT10,blade,WTG 10A CHECK OF BLADE BOLTS AFTER 500 H,13/07/2017 11:00,13/07/2017 07:42,13/07/2017 12:55,5.221666667,1
473316840,WT01,unclassified,WTG 01A STAT INSPECTION OF HYDROLICS IN,18/07/2017 14:00,18/07/2017 07:25,18/07/2017 15:25,7.995,1
473317804,WT15,other_parts,WTG15B WORK ON LIGHTS,18/07/2017 13:30,14/07/2017 07:11,18/07/2017 15:14,22.16416667,3
473317805,WT15,other_parts,WTG15B COOLANT TOP UP,18/07/2017 14:30,14/07/2017 07:11,18/07/2017 15:14,22.16416667,3
473318116,WT03,lift,WTG 02A PSSR INSPECTION FOR CRANE,08/09/2017 10:00,04/09/2017 07:10,08/09/2017 13:07,32.59916667,5
473318117,WT03,nacelle,WTG 02A PSSR INSPECTION IN HUB,08/09/2017 11:00,04/09/2017 07:10,08/09/2017 13:07,32.59916667,5
473319294,WT12,blade,WTG12B ACCUM PRESSURE CHECK BLADE C,20/07/2017 08:00,20/07/2017 07:18,20/07/2017 14:29,7.195555556,1
473321645,WT26,electrical,WTG26C INVESTIGATE MAIN BREAKER TRIP J,25/07/2017 09:30,24/07/2017 21:08,25/07/2017 14:14,17.10027778,1
473322156,WT26,nacelle,WTG26C REPLACE HUB MIC,25/07/2017 11:30,24/07/2017 21:08,25/07/2017 14:14,17.10027778,1
473322411,WT04,lift,04A REPLACE LIFT BUCKET,25/07/2017 12:00,25/07/2017 08:24,25/07/2017 13:36,5.208055556,1
473322866,WT11,lift,WTG 11B FAULT FIND CRANE HOIST,26/07/2017 11:15,26/07/2017 07:18,26/07/2017 12:50,5.532777778,1
473323308,WT12,lift,WTG 12B REPLACE LIFT BUCKET,26/07/2017 12:15,20/07/2017 07:18,20/07/2017 14:29,7.195555556,1
473324882,WT26,electrical,WTG26C REPLACE MAIN BREAKER,01/08/2017 11:30,24/07/2017 21:08,27/07/2017 07:20,24.15972222,2
473326606,WT11,lift,WTG11B REPLACE LIFT BUCKET,02/08/2017 15:30,31/07/2017 06:59,02/08/2017 14:52,12.31166667,2
473329906,WT20,yaw,WTG 20C REPLACE ALL YAW GEARS,14/08/2017 08:00,14/08/2017 07:10,14/08/2017 17:36,10.43805556,1
473330115,WT14,unclassified,Teesside 14B - IMP,14/08/2017 06:00,08/08/2017 07:16,08/08/2017 12:49,5.546388889,1
473333396,WT07,unclassified,TWL07A CARRY OUT PSSR ON HYDROLICS IN HU,15/08/2017 11:00,15/08/2017 08:20,15/08/2017 15:57,7.620277778,1
473333619,WT11,unclassified,WTG 11B FAULT FIND HIGH GRID FILTER TEMP,15/08/2017 08:30,11/08/2017 07:06,15/08/2017 05:30,26.64722223,3
473333845,WT14,gearbox,WTG 14 GEARBOX INSPECTION,20/09/2017 16:00,19/09/2017 06:56,20/09/2017 13:06,13.48333333,2
473334236,WT13,unclassified,TWL13B CARRY OUT PSSR ON HYDROLICS IN HU,16/08/2017 13:15,16/08/2017 07:43,16/08/2017 14:38,6.906666667,1
473334237,WT13,lift,13B PSSR TESTING ON CRANE AND BRAKE HDL,16/08/2017 12:15,16/08/2017 07:43,16/08/2017 14:38,6.906666667,1
473334290,WT13,lift,TWL13B REPLACE LIFT BUCKET,16/08/2017 10:00,16/08/2017 07:43,16/08/2017 14:38,6.906666667,1
473334411,WT13,yaw,TWL13 REPLACE YAW MOTOR,16/08/2017 14:30,16/08/2017 07:43,16/08/2017 14:38,6.906666667,1
473334413,WT13,other_parts,TWL13 WORK ON LIGHTS,16/08/2017 15:30,16/08/2017 07:43,16/08/2017 14:38,6.906666667,1
473336474,WT21,lift,WTG21C PSSR INSPECTION FOR CRANE,20/08/2017 08:00,20/08/2017 07:12,20/08/2017 12:59,5.796388889,1
473336476,WT21,nacelle,WTG21C INSPECTION OF HUB PSSR,20/08/2017 11:00,20/08/2017 07:12,20/08/2017 12:59,5.796388889,1
473336677,WT16,lift,WTG16B PSSR INSPECTION FOR CRANE,21/08/2017 11:00,21/08/2017 08:00,21/08/2017 15:44,7.731111111,1
473336678,WT16,nacelle,WTG16B INSPECTION OF HUB PSSR,21/08/2017 13:45,21/08/2017 08:00,21/08/2017 15:44,7.731111111,1
473336679,WT17,nacelle,WTG17B INSPECTION OF HUB PSSR,22/08/2017 13:30,22/08/2017 07:48,22/08/2017 15:24,7.600833333,1
473336680,WT17,lift,WTG17B PSSR INSPECTION FOR CRANE,22/08/2017 10:30,22/08/2017 07:48,22/08/2017 15:24,7.600833333,1
473336731,WT18,lift,WTG18B PSSR INSPECTION FOR CRANE,24/08/2017 11:15,24/08/2017 08:07,24/08/2017 14:56,6.815277778,1
473336732,WT18,nacelle,WTG18B INSPECTION OF HUB PSSR,24/08/2017 13:15,24/08/2017 08:07,24/08/2017 14:56,6.815277778,1
473336733,WT19,nacelle,WTG19C INSPECTION OF HUB PSSR,05/09/2017 11:45,05/09/2017 07:25,05/09/2017 14:20,6.9125,1
473336734,WT19,lift,WTG19C PSSR INSPECTION FOR CRANE,05/09/2017 10:45,05/09/2017 07:25,05/09/2017 14:20,6.9125,1
473336747,WT21,lift,WTG21C REPLACE LIFT BUCKET,20/08/2017 13:30,20/08/2017 07:12,20/08/2017 12:59,5.796388889,1
473336876,WT21,unclassified,22C-RTF-17029-NITROGEN PRESSURIZED SIGN,20/08/2017 14:30,20/08/2017 07:12,20/08/2017 12:59,5.796388889,1
473336877,WT21,other_parts,21C-RTF-16076-02 SELF CLOSING HATCH,20/08/2017 14:45,20/08/2017 07:12,20/08/2017 12:59,5.796388889,1
473337773,WT17,electrical,WTG17B OFFLINE FILTER PRESSURE SENSOR,22/08/2017 12:30,22/08/2017 07:48,22/08/2017 15:24,7.600833333,1
473337776,WT20,lift,WTG20C PSSR INSPECTION FOR CRANE,28/08/2017 11:00,28/08/2017 06:58,28/08/2017 13:10,6.204444444,1
473337777,WT20,nacelle,WTG20C INSPECTION OF HUB PSSR,28/08/2017 13:00,28/08/2017 06:58,28/08/2017 13:10,6.204444444,1
473337778,WT22,nacelle,WTG22C INSPECTION OF HUB PSSR,29/08/2017 14:15,29/08/2017 06:50,29/08/2017 14:43,7.87,1
473337779,WT22,lift,WTG26C PSSR INSPECTION FOR CRANE,29/08/2017 12:15,29/08/2017 06:50,29/08/2017 14:43,7.87,1
473340752,WT08,unclassified,WTG08A REPLACE BUSBARS,29/08/2017 08:10,25/08/2017 07:10,29/08/2017 14:34,15.04611111,2
473341007,WT22,nacelle,RTF-15111-01-INSTALLATION OF HUB MIC,29/08/2017 10:30,29/08/2017 06:50,29/08/2017 14:43,7.87,1
473341008,WT27,nacelle,WTG27C RTF-15111-01-INSTALL HUB MIC,22/12/2017 08:45,22/12/2017 08:44,22/12/2017 14:06,5.363333333,1
473341217,WT14,converter,TWL14B FAULT FIND CONVERTER,26/08/2017 14:30,18/08/2017 13:47,27/08/2017 11:35,212.545,2
473341263,WT14,converter,WTG14B REPLACE NO 3 CONVERTER,26/08/2017 14:30,18/08/2017 13:47,27/08/2017 11:35,212.545,2
473342268,WT23,nacelle,WTG23C PSSR INSPECTION OF HUB,30/08/2017 12:00,30/08/2017 06:58,30/08/2017 14:39,7.6925,1
473342270,WT23,lift,WTG23C PSSR INSPECTION OF CRANE AND BRAK,30/08/2017 10:15,30/08/2017 06:58,30/08/2017 14:39,7.6925,1
473343435,WT08,other_parts,WTG08A WORK ON LIGHTS,30/08/2017 15:30,25/08/2017 07:10,30/08/2017 15:18,22.97166667,3
473343788,WT24,nacelle,WTG24C INSPECTION OF HUB PSSR,01/09/2017 08:00,31/08/2017 12:15,01/09/2017 11:53,23.63527778,1
473343818,WT23,unclassified,WTG23C REPLACE BUS BARS IN A4,30/08/2017 14:45,30/08/2017 06:58,30/08/2017 14:39,7.6925,1
473343820,WT25,nacelle,WTG25C INSPECTION OF HUB PSSR,02/09/2017 11:30,02/09/2017 07:17,02/09/2017 12:58,5.676944444,1
473343901,WT25,lift,WTG25C PSSR INSPECTION FOR CRANE,02/09/2017 10:15,02/09/2017 07:17,02/09/2017 12:58,5.676944444,1
473343902,WT26,lift,WTG26C PSSR INSPECTION FOR CRANE,04/09/2017 11:00,04/09/2017 07:27,04/09/2017 16:09,8.714166667,1
473343903,WT26,nacelle,WTG26C INSPECTION OF HUB PSSR,04/09/2017 11:30,04/09/2017 07:27,04/09/2017 16:09,8.714166667,1
473345195,WT24,other_parts,WTG24C COOLANT MOTOR VALVE OP CHECK,01/09/2017 12:30,31/08/2017 12:15,01/09/2017 11:53,23.63527778,1
473346407,WT26,converter,WTG26C WORK IN A6 - HUB MODULE,04/09/2017 14:00,04/09/2017 07:27,04/09/2017 16:09,8.714166667,1
473346541,WT19,other_parts,WTG19C WORK ON LIGHTS,05/09/2017 13:45,05/09/2017 07:25,05/09/2017 14:20,6.9125,1
473346542,WT19,other_parts,WTG19C SNAGGING 2017,05/09/2017 13:15,05/09/2017 07:25,05/09/2017 14:20,6.9125,1
473346651,WT03,lift,WTG03A REPLACE LIFT BUCKET,05/09/2017 14:45,04/09/2017 07:10,05/09/2017 12:23,13.32222222,2
473348045,WT04,nacelle,WTG04A PSSR INSPECTION OF HUB,12/09/2017 13:00,12/09/2017 10:04,12/09/2017 17:42,7.636944444,1
473348046,WT04,lift,WTG04A PSSR INSPECTION OF CRANE AND BRAK,12/09/2017 10:45,12/09/2017 10:04,12/09/2017 17:42,7.636944444,1
473349370,WT03,electrical,WTG 03A FAULT FIND VD SENSOR,08/09/2017 12:15,04/09/2017 07:10,08/09/2017 13:07,32.59916667,5
473351143,WT04,unclassified,WTG 04A REPLACE BACK UP BATTERY IN A3,12/09/2017 14:15,12/09/2017 10:04,12/09/2017 17:42,7.636944444,1
473355623,WT17,gearbox,17B RTF-16112-YAW GEAR PINION CHECK,20/09/2017 14:45,20/09/2017 07:48,20/09/2017 13:57,6.148888889,1
473355630,WT13,blade,WTG13B EXTERNAL INSPECTION OF BLADES,26/09/2017 11:00,20/09/2017 07:15,25/09/2017 15:29,26.12777778,4
473355681,WT14,blade,WTG14B EXTERNAL INSPECTION OF BLADES,26/09/2017 14:00,19/09/2017 06:56,22/09/2017 14:18,27.98805556,4
473355917,WT14,unclassified,WTG14B UPS FAULT,19/09/2017 08:00,19/09/2017 06:56,19/09/2017 14:55,7.975555556,1
473356767,WT17,unclassified,RTF-16104-TEST OF SERVICE SOCKETS,20/09/2017 13:30,20/09/2017 07:48,20/09/2017 13:57,6.148888889,1
473358260,WT21,converter,WTG 21C FAULT FIND CONVERTER PROBLEMS,23/09/2017 08:45,22/09/2017 15:26,23/09/2017 08:34,17.12277778,1
473358300,WT13,lift,WTG13B REPLACE LIFT DOOR,22/09/2017 15:00,20/09/2017 07:15,22/09/2017 14:35,18.65194445,3
473358375,WT14,lift,WTG14B REPLACE LIFT BUCKET,22/09/2017 14:30,19/09/2017 06:56,22/09/2017 14:18,27.98805556,4
473358482,WT21,other_parts,WTG 21C TOP UP COOLENT PRESSURE,23/09/2017 11:45,22/09/2017 15:26,23/09/2017 08:34,17.12277778,1
473358843,WT13,other_parts,WTG13B WORK ON LIGHTS AND FITTINGS,25/09/2017 15:45,20/09/2017 07:15,25/09/2017 15:29,26.12777778,4
473358844,WT13,yaw,WTG13B REPAIR YAW LEAK,25/09/2017 14:30,20/09/2017 07:15,25/09/2017 15:29,26.12777778,4
473359803,WT26,other_parts,"WTG26C FAULT FIND BLAD A,B,C VALVE ERROR",26/09/2017 08:30,25/09/2017 13:50,26/09/2017 11:56,22.09194444,1
473360982,WT21,lift,WTG21C REPLACE LIFT DOOR HANDLE,28/09/2017 17:00,22/09/2017 15:26,28/09/2017 16:34,47.00944445,5
473361425,WT04,unclassified,WTG04A RTF-16039-UPDATE G2 SAFETY SYSTEM,28/09/2017 08:30,26/09/2017 07:17,28/09/2017 14:22,20.745,3
473361428,WT04,other_parts,WTG04A WORK IN A3 - REPLACE FAN,28/09/2017 11:30,26/09/2017 07:17,28/09/2017 14:22,20.745,3
473361429,WT21,other_parts,WTG21C SNAGGING 2017,28/09/2017 17:15,22/09/2017 15:26,28/09/2017 16:34,47.00944445,5
473362043,WT21,unclassified,WTG21C INVESTIGATE CONTROLLER FAULT,28/09/2017 17:00,22/09/2017 15:26,28/09/2017 16:34,47.00944445,5
473372844,WT02,other_parts,WTG 02A FAULT FIND HIGH OIL TEMP,17/10/2017 14:30,16/10/2017 18:25,17/10/2017 16:39,22.23083333,1
473372847,WT02,gearbox,WTG 02A WORK ON GEAR OIL PUMP,17/10/2017 15:30,16/10/2017 18:25,17/10/2017 16:39,22.23083333,1
473378120,WT22,other_parts,WTG26C VALVE 35,27/10/2017 08:00,27/10/2017 07:34,27/10/2017 14:45,7.195555556,1
473378274,WT22,lift,WTG22C PSSR INSPECTION FOR BRAKE & CRANE,27/10/2017 09:30,27/10/2017 07:34,27/10/2017 14:45,7.195555556,1
473378980,WT22,other_parts,WTG22C SNAGGING 2017,27/10/2017 11:30,27/10/2017 07:34,27/10/2017 14:45,7.195555556,1
473379511,WT02,unclassified,WTG02A UPS BYPASS ERROR,31/10/2017 10:15,29/10/2017 18:31,01/11/2017 16:28,69.96166667,1
473380888,WT02,other_parts,WTG2A HYD OIL LEVEL ERROR,31/10/2017 13:45,29/10/2017 18:31,01/11/2017 16:28,69.96166667,1
473380954,WT02,gearbox,WTG2A HIGH GEAR OIL TEMP,01/11/2017 15:00,29/10/2017 18:31,01/11/2017 16:28,69.96166667,1
473381190,WT10,other_parts,WTG10B REPLACE COOLER MOTOR POWER CABLE,03/11/2017 14:00,03/11/2017 08:32,03/11/2017 14:36,6.062777778,1
473384794,WT08,other_parts,WTG 08A FAULT FIND TOR FAN,07/11/2017 09:00,07/11/2017 00:43,07/11/2017 15:11,14.46305556,1
473390242,WT02,other_parts,WTG02A COOLANT TOP UP,06/02/2018 11:30,06/02/2018 08:14,06/02/2018 15:28,7.245555556,1
473390250,WT05,other_parts,WTG05A REPLACE COOLANT MOTOR CABLE,21/11/2017 14:30,21/11/2017 07:56,21/11/2017 17:18,9.363333333,1
473392594,WT14,other_parts,WTG14B REPLACE COOLENT MOTOR HOSE,24/11/2017 15:30,24/11/2017 08:18,24/11/2017 18:12,9.901944444,1
473393786,WT05,unclassified,WTG05A MACHINE SHOE INSPECTION,21/11/2017 13:30,21/11/2017 07:56,21/11/2017 17:18,9.363333333,1
473394259,WT05,generator,WTG 05A CARRY OUT GENERATER ALIGNMENT,21/11/2017 12:30,21/11/2017 07:56,21/11/2017 17:18,9.363333333,1
473395990,WT14,other_parts,WTG14B COOLANT TOP UP,24/11/2017 17:30,24/11/2017 08:18,24/11/2017 18:12,9.901944444,1
473396144,WT05,unclassified,WTG05A ASSIST CUSTOMER WITH COUPON FRAME,24/11/2017 08:00,21/11/2017 07:56,21/11/2017 17:18,9.363333333,1
473400324,WT09,yaw,WTG 09A FAULT FIND YAW ERRORS,02/12/2017 10:00,01/12/2017 06:12,02/12/2017 16:24,34.20861111,1
473402293,WT09,other_parts,WTG09A COOLENT TOP UP,02/12/2017 15:00,01/12/2017 06:12,02/12/2017 16:24,34.20861111,1
473402990,WT15,other_parts,WTG15B REPLACE MOTOR VALVE CABLE,12/01/2018 11:00,12/01/2018 09:04,12/01/2018 16:28,7.3925,1
473403594,WT20,other_parts,WTG20C REPLACE MOTOR VALVE CABLE,25/01/2018 11:00,25/01/2018 07:56,25/01/2018 14:30,6.565277778,1
473412838,WT04,other_parts,WTG04A REPLACE MOTOR VALVE CABLE,02/07/2018 14:30,28/06/2018 20:22,02/07/2018 15:36,88.70555555,2
473413095,WT20,yaw,WTG 20C REPLACE YAW MOTOR 3,18/12/2017 17:00,18/12/2017 08:45,18/12/2017 17:47,9.030277778,1
473414241,WT10,unclassified,WTG10B BACKUP BATTERY ERROR,21/12/2017 12:00,21/12/2017 08:18,21/12/2017 16:39,8.341944444,1
473414245,WT10,other_parts,WTG10B COOLANT TOP UP,21/12/2017 14:15,21/12/2017 08:18,21/12/2017 16:39,8.341944444,1
473414701,WT27,unclassified,WTG27C REPLACE BATTERY BACK UP,22/12/2017 11:00,22/12/2017 08:44,22/12/2017 14:06,5.363333333,1
473414703,WT27,other_parts,WTG27C COOLANT TOP UP,22/12/2017 14:00,22/12/2017 08:44,22/12/2017 14:06,5.363333333,1
473414704,WT27,other_parts,WTG27C REPLACE MOTOR VALVE CABLE,22/12/2017 12:00,22/12/2017 08:44,22/12/2017 14:06,5.363333333,1
473416179,WT12,other_parts,WTG12B REPLACE MOTOR VALVE CABLE,12/01/2018 12:00,12/01/2018 08:33,12/01/2018 17:06,8.538888889,1
473416180,WT12,other_parts,WTG12B COOLANT TOP UP,12/01/2018 16:30,12/01/2018 08:33,12/01/2018 17:06,8.538888889,1
473419573,WT22,other_parts,WTG22C COOLANT TOP UP,02/01/2018 15:30,02/01/2018 08:40,02/01/2018 15:57,7.281388889,1
473423115,WT03,other_parts,WTG03A COOLANT TOP UP,11/01/2018 10:00,11/01/2018 07:55,11/01/2018 14:26,6.515277778,1
473423118,WT03,other_parts,WTG03A REPLACE MOTOR VALVE CABLE,11/01/2018 11:00,11/01/2018 07:55,11/01/2018 14:26,6.515277778,1
473424785,WT03,other_parts,WTG 03A OIL SAMPLES TO BE TAKING FROM G/,11/01/2018 14:30,11/01/2018 07:55,11/01/2018 14:26,6.515277778,1
473425409,WT12,unclassified,WTG 12B FAULT FIND ACCUMILATER ERROR,12/01/2018 08:45,12/01/2018 08:33,12/01/2018 17:06,8.538888889,1
473425496,WT15,other_parts,WRG 15B REPLACECOOLENT PRESSURE VALVE,12/01/2018 14:00,12/01/2018 09:04,12/01/2018 16:28,7.3925,1
473425498,WT15,gearbox,WTG 15B TAKE OIL SAMPLES G/BOX AND HYDRO,12/01/2018 10:30,12/01/2018 09:04,12/01/2018 16:28,7.3925,1
473425499,WT14,unclassified,WTG 14B REMOVE TOOLS DUE TO FAULTED CRAN,12/01/2018 07:45,10/01/2018 09:28,10/01/2018 14:47,5.318888889,1
473425864,WT12,unclassified,WTG 12B BACK UP BATTERY ERROR,12/01/2018 10:30,12/01/2018 08:33,12/01/2018 17:06,8.538888889,1
473426285,WT25,other_parts,WTG 25 REPLACE MOTOR VALVE CABLE,19/01/2018 10:45,19/01/2018 08:00,19/01/2018 13:13,5.207777778,1
473428174,WT25,other_parts,WTG25C COOLANT TOP UP,19/01/2018 12:15,19/01/2018 08:00,19/01/2018 13:13,5.207777778,1
473428175,WT25,other_parts,WTG25C SNAGGING 2018,19/01/2018 10:30,19/01/2018 08:00,19/01/2018 13:13,5.207777778,1
473428307,WT16,other_parts,WTG16B REPLACE MOTOR VALVE CABLE,16/07/2018 08:45,16/07/2018 08:15,16/07/2018 15:15,7.004166667,1
473430564,WT20,yaw,WTG20C REPLACE YAW MOTOR WITH RESOLVER,25/01/2018 08:00,25/01/2018 07:56,25/01/2018 14:30,6.565277778,1
473433574,WT20,yaw,WTG 20C CHECK YAW SKIRT,25/01/2018 13:30,25/01/2018 07:56,25/01/2018 14:30,6.565277778,1
473433578,WT20,other_parts,WTG 20C COOLENT TOP UP,25/01/2018 14:30,25/01/2018 07:56,25/01/2018 14:30,6.565277778,1
473435289,WT02,generator,WTG 02A REPLACE GENERATER HEATING ELIMEN,06/02/2018 12:45,06/02/2018 08:14,06/02/2018 15:28,7.245555556,1
473436318,WT07,other_parts,WTG 07A REPLACE COOLENT MOTOR CABLE,08/02/2018 13:45,08/02/2018 09:13,08/02/2018 16:44,7.503611111,1
473436320,WT08,other_parts,WTG 08A REPLACE COOLENT MOTOR CABLE,12/02/2018 11:00,11/02/2018 03:10,12/02/2018 11:42,32.53222222,1
473436402,WT08,other_parts,WTG 08A COOLENT TOP UP,12/02/2018 13:00,11/02/2018 03:10,12/02/2018 11:42,32.53222222,1
473443481,WT21,unclassified,WTG 21 FAULT FIND YAE ERRORS,10/02/2018 08:00,09/02/2018 12:48,10/02/2018 11:13,22.41388889,1
473443482,WT21,yaw,WTG 21 WORK ON YAW MOTORS,28/06/2018 09:00,28/06/2018 08:00,28/06/2018 14:37,6.6125,1
473443525,WT08,unclassified,WTG 08A INVESTIGATE EMERGENCY STOP,12/02/2018 09:30,11/02/2018 03:10,12/02/2018 11:42,32.53222222,1
473447485,WT26,other_parts,WTG26C SNAGGING 2018,27/06/2018 08:45,27/06/2018 07:47,27/06/2018 14:48,7.023333333,1
473450628,WT22,other_parts,WTG 22C FAULT FIND TOR FAN,22/02/2018 07:45,19/02/2018 07:45,21/02/2018 13:09,10.84777778,2
473451816,WT22,gearbox,WTG 22C WORK IN THE A21 PANEL,23/02/2018 07:45,19/02/2018 07:45,22/02/2018 16:59,19.9975,3
473457805,WT14,electrical,WTG14B NO COMMS TO TURBINE,05/03/2018 13:00,02/03/2018 01:40,07/03/2018 14:46,133.0997222,1
473460222,WT13,yaw,WTG13B REPLACE YAW GEAR,27/06/2018 08:30,20/06/2018 07:24,27/06/2018 14:58,66.01388889,4
473461402,WT11,unclassified,WTG 11B REPLACE M SYSTEM,08/03/2018 07:45,02/03/2018 01:40,02/03/2018 07:46,6.090555556,1
473461405,WT11,other_parts,WTG 11B REPLACE COOLANT MOTOR CABLE,20/06/2018 12:00,20/06/2018 07:10,20/06/2018 14:30,7.320277778,1
473462334,WT22,yaw,WTG 22C REPLACE YAW GEAR AND MOTOR,09/03/2018 08:30,09/03/2018 08:28,09/03/2018 16:47,8.305833333,1
473465139,WT11,yaw,WTG11B INVESTIGATE YAW FAIL,14/03/2018 11:30,08/03/2018 07:49,14/03/2018 09:01,14.87944444,2
473469695,WT09,unclassified,WTG 09A WORK IN THE A3 CABNET,21/03/2018 10:15,21/03/2018 08:39,21/03/2018 16:41,8.039444444,1
473471433,WT09,unclassified,WTG09A FAULT FIND LOW BRAKE PRESSURE,24/03/2018 13:30,21/03/2018 08:39,24/03/2018 13:37,22.3025,3
473472728,WT22,lift,WTG22C INVESTIGATE CHAIN HOIST,26/03/2018 08:00,21/03/2018 08:01,26/03/2018 15:25,17.36694445,2
473478219,WT24,unclassified,WTG 24C REPLACE M SYSTEM,06/04/2018 11:00,06/04/2018 10:20,06/04/2018 15:49,5.48,1
473482908,WT23,other_parts,WTG23C REPLACE HAND CONTROLLER CABLE,15/04/2018 14:15,08/04/2018 06:51,15/04/2018 15:24,17.36972222,2
473482921,WT21,unclassified,WTG21C TCM SYSTEM ERROR,16/04/2018 08:15,16/04/2018 07:49,16/04/2018 16:23,8.569722222,1
473483558,WT15,unclassified,WTG15B HCU OVERSPEED,17/04/2018 12:30,16/04/2018 08:49,17/04/2018 17:46,32.93777778,1
473483791,WT21,other_parts,WTG21C REPLACE COOLANT MOTOR CABLE,16/04/2018 15:30,16/04/2018 07:49,16/04/2018 16:23,8.569722222,1
473483836,WT25,gearbox,WTG25C 400.F3 TRIP (GEAR OIL PUMP FAULT),17/04/2018 14:30,16/04/2018 07:16,17/04/2018 15:12,31.9275,1
473494808,WT11,unclassified,WTG11B REPLACE HIRSCHMANN SWITCH,20/06/2018 08:00,20/06/2018 07:10,20/06/2018 14:30,7.320277778,1
473496011,WT02,unclassified,WTG 02A REPLACE SLIP RING,06/05/2018 07:45,03/05/2018 16:01,06/05/2018 12:54,68.88166667,1
473497686,WT03,yaw,WTG03A YAW CONVERTER ERRORS,09/05/2018 08:30,08/05/2018 23:11,09/05/2018 10:33,11.37333333,1
473498121,WT10,electrical,WTG10B MAIN BREAKER TRIP,09/05/2018 14:15,09/05/2018 09:27,09/05/2018 14:47,5.33,1
473498558,WT20,gearbox,WTG20C WORK IN A21,11/05/2018 08:00,11/05/2018 07:22,11/05/2018 15:18,7.936666667,1
473499023,WT19,electrical,WTG19C MV BREAKER SHOWS OPEN,13/05/2018 15:15,11/05/2018 07:38,11/05/2018 13:04,5.43,1
473509817,WT03,unclassified,WTG03A END OF WARRANTY INSP ESCORTING,31/05/2018 08:00,31/05/2018 07:08,31/05/2018 17:35,10.45472222,1
473511620,WT04,unclassified,WTG 04 A END OF WARRENTY WALKDOWN,01/06/2018 08:30,01/06/2018 07:51,01/06/2018 15:20,7.481388889,1
473512299,WT11,unclassified,WTG 011bEND OF WARRENTY WALKDOWN,02/06/2018 07:45,01/06/2018 07:31,02/06/2018 12:05,10.60194444,2
473512443,WT02,unclassified,WTG 02A FAULT FIND ERRORS,03/06/2018 09:00,03/06/2018 01:41,03/06/2018 12:36,10.92083333,1
473512593,WT15,unclassified,WTG 15B END OF WARRANTY WALKDOWN,04/06/2018 13:30,01/06/2018 08:05,01/06/2018 15:28,7.376111111,1
473512596,WT19,unclassified,WTG19C END OF WARRANTY WALKDOWN,07/06/2018 08:15,07/06/2018 07:44,07/06/2018 12:58,5.243888889,1
473513079,WT15,pitch,WTG 15B PITCH PAWL FAULT,05/06/2018 07:45,01/06/2018 08:05,05/06/2018 07:21,21.45638889,2
473514714,WT10,unclassified,WTG10B END OF WARRANTY WALKDOWN,08/06/2018 08:15,08/06/2018 07:20,08/06/2018 16:37,9.288611111,1
473514962,WT12,unclassified,WTG12B END OF WARRANTY WALKDOWN,13/06/2018 12:00,07/06/2018 07:12,07/06/2018 14:26,7.226111111,1
473517435,WT14,gearbox,WTG 14B FAULTFIND IN THE A21,11/06/2018 10:00,11/06/2018 06:45,11/06/2018 15:04,8.314166667,1
473517824,WT08,unclassified,WTG08A END OF WARRANTY WALKDOWN,13/06/2018 10:00,09/06/2018 08:57,09/06/2018 14:48,5.8575,1
473521295,WT02,unclassified,WTG02A FAULT FIND ERRORS,03/06/2018 09:00,03/06/2018 01:41,03/06/2018 12:36,10.92083333,1
473524793,WT11,yaw,WTG11B INVESTIGATE YAW FAIL,24/06/2018 07:45,20/06/2018 07:10,24/06/2018 11:11,33.98416666,3
473524794,WT13,unclassified,WTG13B INVESTIGATE PU VIBRATION ERROR,24/06/2018 12:30,20/06/2018 07:24,24/06/2018 12:24,58.5075,3
473524795,WT02,pitch,WTG02A PITCH B TRACKING ERROR,24/06/2018 13:30,23/06/2018 21:39,25/06/2018 15:05,41.42666667,1
473528597,WT26,unclassified,WTG 26C REPLACE S 10 SWITCH,28/06/2018 08:30,27/06/2018 07:47,27/06/2018 14:48,7.023333333,1
473529190,WT04,gearbox,WTG 04A TOP UP GEAR OIL,29/06/2018 13:00,28/06/2018 20:22,02/07/2018 15:36,88.70555555,2
473529318,WT11,unclassified,WTG 11B REPLACE STIG BOX,29/06/2018 14:00,23/06/2018 15:53,24/06/2018 11:11,19.30444444,1
473535599,WT09,unclassified,WTG 09A WORK IN THE A3 CABNET,11/07/2018 09:00,10/07/2018 13:22,11/07/2018 14:43,25.34222222,1
473536776,WT02,other_parts,WTG 02A SNAGGING,12/07/2018 07:45,12/07/2018 07:00,12/07/2018 12:19,5.318888889,1
473536777,WT02,other_parts,WTG 02A REPLACE GREASE COVERS,12/07/2018 11:00,12/07/2018 07:00,12/07/2018 12:19,5.318888889,1
473536778,WT02,gearbox,WYG02A REPAIR GEAR PUMP OIL LEAK,12/07/2018 11:15,12/07/2018 07:00,12/07/2018 12:19,5.318888889,1
473537000,WT02,other_parts,WTG 02A RE TAKE OIL SAMPLES,12/07/2018 11:15,12/07/2018 07:00,12/07/2018 12:19,5.318888889,1
473537033,WT16,other_parts,WTG 16B RE TAKE OIL SAMPLES,12/07/2018 16:00,06/07/2018 06:57,06/07/2018 13:20,6.379166667,1
473537144,WT18,other_parts,WTG 18BWORK ON LIGHTS AND FITTINGS,13/07/2018 12:00,13/07/2018 11:33,14/07/2018 13:39,26.11138889,1
473537637,WT18,unclassified,WTG 18 WORK IN THE A18,13/07/2018 13:00,13/07/2018 11:33,14/07/2018 13:39,26.11138889,1
473538079,WT18,yaw,WTG 18B INVESTIGATE YAW CONVERTOR ERRORS,14/07/2018 08:00,13/07/2018 11:33,14/07/2018 13:39,26.11138889,1
473538174,WT21,electrical,WTG 21C INVESTIGATE NO COMMS,14/07/2018 15:00,11/07/2018 08:02,11/07/2018 14:55,6.881944444,1
473538694,WT16,other_parts,WTG 16BWORK ON LIGHTS AND FITTINGS,16/07/2018 15:00,16/07/2018 08:15,16/07/2018 15:15,7.004166667,1
473538696,WT16,unclassified,WTG 16B TOP UP ACCUMILATER,16/07/2018 13:00,16/07/2018 08:15,16/07/2018 15:15,7.004166667,1
